USE Univers

INSERT INTO [Users] ([Id], [Username], [Password], [Gender], [FirstName], [MiddleName], [LastName], [DateOfRegistration], [PhoneNumber], [Email], [Address]) VALUES 
('b36ee25a-0bdb-4869-b782-6e9f24b39a20', 'mfraney0', 'yfet1nwg', 'мъж', 'Александър', 'Иванов', 'Стоянов', '2022-09-02', '+3598871112233', 'gwehner0@nsw.gov.au', 'София, ул. Витоша 45, ап. 12, вх. А'),
('63daadc8-1482-4cd1-aba8-9c76adbfc156', 'alesaunier1', 'ggqux8ilCb', 'мъж', 'Александър', 'Петров', 'Ковачев', '2022-09-03', '+3598887788999', 'rklima1@friendfeed.com', 'София, бул. Александър Стамболийски 77, ап. 9, вх. Б'),
('53df65d2-081d-4e12-a73a-30e173bf25cd', 'bstyant2', 'VDjjq0D5SXk', 'мъж', 'Ангел', 'Георгиев', 'Тодоров', '2022-09-08', '+3598892233445', 'obaty2@google.es', 'София, ул. Лъвски рид 3, ап. 23, вх. В'),
('172efbd5-36a2-43df-a32b-4b6cbe95f112', 'dhazlegrove3', 'WWYubDHJN', 'мъж', 'Антон', 'Стефанов', 'Димитров', '2022-09-09', '+3598878899000', 'ctower3@home.pl', 'София, ул. Солунска 22, ап. 5, вх. А'),
('f99d8143-ceac-42e2-94a0-5d8bda49993e', 'sbow4', 'HYzrRkA', 'мъж', 'Атанас', 'Василев', 'Янев', '2022-09-03', '+3598895566777', 'wdenes4@soundcloud.com', 'София, ул. Околовръстен път 12, ап. 14, вх. Г'),
('4c4bd077-7cfa-4a1c-ae31-09c7482b1cf9', 'jburkhill5', 'eBTLV1W9CKY', 'мъж', 'Божидар', 'Николов', 'Димитров', '2022-09-01', '+3598886677888', 'mhamley5@lulu.com', 'София, бул. Дондуков 4, ап. 2, вх. Б'),
('f1884801-5d5c-4644-a571-580b2782c2f1', 'cjaquiss6', 'z9MuAZF2aiJi', 'мъж', 'Борис', 'Георгиев', 'Стойчев', '2022-08-28', '+3598877799333', 'tjeffcock6@alexa.com', 'София, ул. Христо Белчев 13, ап. 1, вх. А'),
('db517046-8405-4b13-83fe-ac60ed8f30c1', 'vdavie7', 'UFyX4IZF2Oo1', 'мъж', 'Валентин', 'Василев', 'Георгиев', '2022-08-30', '+3598890011223', 'bpavie7@multiply.com', 'София, ул. Витоша 87, ап. 7, вх. Г'),
('0feb885f-78e4-458d-9f27-ffff815bad8f', 'mbransden8', 'o1Qhu3TA8Gx', 'мъж', 'Васил', 'Петров', 'Николов', '2022-09-08', '+3598898899900', 'lswine8@newsvine.com', 'София, бул. Цариградско шосе 36, ап. 10, вх. Б'),
('6438978e-691a-4eb2-8c6d-d990ee197c4b', 'adelmonti9', 'woH8QzXQbT', 'мъж', 'Васил', 'Иванов', 'Лазаров', '2022-08-30', '+3598872233445', 'wtaw9@wsj.com', 'София, ул. Г. С. Раковски 55, ап. 9, вх. В'),
('71560e48-3385-4f55-b1fd-d2c0a0da2e31', 'vlandalla', 'fCkGRe43s0i', 'мъж', 'Васил', 'Димитров', 'Йорданов', '2022-08-29', '+3598881122334', 'soreta@mysql.com', 'София, ул. Граф Игнатиев 16, ап. 3, вх. А'),
('6817a893-5979-41b7-a346-24d525aacc20', 'scookneyb', '0WYPbruBD96s', 'мъж', 'Васил', 'Николов', 'Митев', '2022-08-29', '+3598897788990', 'yfarob@joomla.org', 'София, ул. Хан Аспарух 8, ап. 6, вх. Б'),
('84e29f3d-d47b-4f8f-8d1d-b85d5f50085b', 'hmarchc', '2hGxKHlbe', 'мъж', 'Васил', 'Георгиев', 'Ангелов', '2022-09-04', '+3598875566777', 'sgunningc@yahoo.com', 'София, ул. Христо Белчев 68, ап. 11, вх. Г'),
('10e22ad6-b787-4910-b86b-54b673680cc5', 'gpolferd', 'qexmPzJQP0W2', 'мъж', 'Васил', 'Стефанов', 'Маринов', '2022-09-04', '+3598896677888', 'gbyramd@gravatar.com', 'София, бул. Витоша 21, ап. 5, вх. В'),
('6c9cd47d-cbc3-49b7-aec6-cc63ad44bf41', 'ssantene', 'iq4pJNg3dGR', 'мъж', 'Васил', 'Тодоров', 'Михайлов', '2022-08-31', '+3598887799333', 'abernse@clickbank.net', 'София, ул. Оборище 8, ап. 16, вх. А'),
('14379daa-8dc8-42c8-9fb2-67d9927eef8d', 'hoadesf', '0eebzJ3', 'мъж', 'Васил', 'Христов', 'Иванов', '2022-09-02', '+3598870011223', 'amedlicottf@constantcontact.com', 'София, бул. България 52, ап. 13, вх. Б'),
('efead2c8-61ca-456b-9fca-61bc084eceaa', 'mtocknellg', 'xxe05oOh0OFG', 'жена', 'Василка', 'Петрова', 'Митева', '2022-09-04', '+3598898899900', 'cstollenwerckg@upenn.edu', 'София, ул. Гео Милев 43, ап. 8, вх. А'),
('f35e566e-c017-484f-ad03-54a769d6a7c2', 'ggillsonh', 'tyOCiz', 'мъж', 'Велизар', 'Василев', 'Димитров', '2022-09-06', '+3598872233445', 'hjacobsh@rakuten.co.jp', 'София, бул. Цар Освободител 81, ап. 4, вх. Г'),
('9a11f7ea-79ac-4334-9aa3-69693db0c81a', 'ndomenguei', 'R2nUUm', 'жена', 'Величка', 'Иванова', 'Тодорова', '2022-09-05', '+3598881122334', 'kdeasi@unesco.org', 'София, ул. Околовръстен път 78, ап. 6, вх. В'),
('116cab43-35d2-4b6f-950a-7958354cde25', 'rpohlingj', 'ngb2wi', 'мъж', 'Венелин', 'Георгиев', 'Маринов', '2022-08-28', '+3598897788990', 'sbrewinj@earthlink.net', 'София, ул. Пиротска 33, ап. 15, вх. Б'),
('04235ec7-19b1-4117-9226-b0cdc60bbe81', 'jhemberyk', '02zMmcY5SR', 'мъж', 'Венцислав', 'Василев', 'Георгиев', '2022-09-01', '+3598875566777', 'tanfossok@purevolume.com', 'София, ул. Любен Каравелов 14, ап. 3, вх. А'),
('680e5195-61e7-400f-8f38-ba8e40b66182', 'srockalll', 'hhTJzAIMteZ', 'мъж', 'Веселин', 'Иванов', 'Петков', '2022-09-10', '+3598896677888', 'lwintringhaml@ihg.com', 'София, ул. Г. М. Димитров 94, ап. 19, вх. В'),
('f49f3598-0b5e-4493-9b33-f66ad80e5c15', 'jsandeverm', 'xQQ4u6PAmiHI', 'мъж', 'Виктор', 'Петров', 'Андреев', '2022-09-03', '+3598887799333', 'dpetrovicm@mit.edu', 'София, ул. Иван Вазов 7, ап. 8, вх. Г'),
('0329ecc3-d21d-486d-a26e-bf1f961ba4a8', 'pbrawleyn', 'hvPcZejRu', 'мъж', 'Виктор', 'Иванов', 'Димитров', '2022-08-28', '+3598870011223', 'cschulzen@nationalgeographic.com', 'София, бул. Васил Левски 62, ап. 12, вх. А'),
('2bc7425e-5953-4819-a738-0ac0e5fb1a76', 'poheaneyo', 'ltEX9A', 'жена', 'Виктория', 'Петрова', 'Георгиева', '2022-09-07', '+3598898899900', 'achazerando@biglobe.ne.jp', 'София, ул. Васил Левски 33, ап. 7, вх. Б'),
('8e83b094-c9f3-4d47-8613-f8a051846bd3', 'adrissellp', 'aE4MJZ', 'мъж', 'Владимир', 'Николов', 'Киров', '2022-08-30', '+3598872233445', 'hkitchinghamp@wix.com', 'София, ул. Христо Белчев 109, ап. 10, вх. Г'),
('11413d09-192f-4e93-ab17-b2a5bccd0279', 'ablazyq', 'q9uAgE1Hv', 'мъж', 'Владислав', 'Петров', 'Иванов', '2022-08-31', '+3598881122334', 'gmcilwainq@tamu.edu', 'София, ул. Гурко 26, ап. 1, вх. А'),
('713418b2-c0dc-4ab3-b46e-db1651eb0aac', 'pbissettr', 'H05lqN0JR', 'мъж', 'Владислав', 'Георгиев', 'Костадинов', '2022-09-02', '+3598897788990', 'mbenardetter@sourceforge.net', 'София, бул. Ал. Малинов 3, ап. 16, вх. В'),
('ef43ba07-b54c-4469-b22f-abfa5305e52e', 'cgrunsons', 'NEYEBSDBG', 'мъж', 'Георги', 'Иванов', 'Петров', '2022-09-02', '+3598875566777', 'pchazerands@reverbnation.com', 'София, ул. Св. Георги Софийски 18, ап. 4, вх. Б'),
('0245422b-1ccc-423f-98d6-0df3795bce78', 'mpiddocket', 'C50oe4TMq', 'мъж', 'Георги', 'Петров', 'Иванов', '2022-09-08', '+3598896677888', 'imerrigant@hp.com', 'София, бул. Гоце Делчев 14, ап. 12, вх. Г'),
('fae77844-71d2-4a94-8125-434545b6494f', 'dgureryu', 'iNfYR8', 'мъж', 'Георги', 'Николов', 'Стефанов', '2022-09-04', '+3598887799333', 'orefordu@sphinn.com', 'София, ул. Г. С. Раковски 81, ап. 6, вх. А'),
('fbb8a09d-e772-4f51-a741-97b87da1b742', 'mharmsv', 'gvJyklUB', 'мъж', 'Георги', 'Стефанов', 'Маринов', '2022-09-02', '+3598870011223', 'cspanswickv@state.gov', 'София, ул. Бяла лоза 25, ап. 15, вх. В'),
('1dcf3da0-9176-4449-b523-2f269f8caecd', 'rburbagew', 'G0xeLz4n8', 'мъж', 'Георги', 'Димитров', 'Янков', '2022-09-10', '+3598898899900', 'abucklanw@ucla.edu', 'София, ул. Шипка 2, ап. 11, вх. Б'),
('e6388ae7-f1a6-4459-89e1-693b892fd872', 'abrookex', 'ITdYnJr2', 'мъж', 'Георги', 'Тодоров', 'Маринов', '2022-09-07', '+3598872233445', 'fdahlgrenx@weather.com', 'София, бул. Васил Левски 80, ап. 9, вх. Г'),
('16152fcd-5efa-4d44-a8d2-51a79b4d6004', 'vemmensy', 'qXY8pZw', 'мъж', 'Георги', 'Христов', 'Костадинов', '2022-08-30', '+3598881122334', 'jkaubischy@infoseek.co.jp', 'София, ул. Д-р Г. М. Димитров 19, ап. 17, вх. А'),
('a82bb6a1-333e-4ff1-b476-760afa13e0c4', 'nkienlez', 'T9asZfL', 'жена', 'Гергана', 'Петрова', 'Димитрова', '2022-09-01', '+3598897788990', 'mcawz@github.com', 'София, бул. Витоша 72, ап. 6, вх. В'),
('7469f26c-f46f-4df1-b513-f772a35526e9', 'eestabrook10', 'hdnfxRWm', 'мъж', 'Гергин', 'Иванов', 'Георгиев', '2022-08-29', '+3598875566777', 'tkinton10@woothemes.com', 'София, ул. Княз Борис I 77, ап. 2, вх. Б'),
('f802c117-4c03-4100-9019-667fc47f779d', 'lpuddefoot11', 'j2afp7UJ', 'жена', 'Гергина', 'Георгиева', 'Николова', '2022-09-03', '+3598896677888', 'dbeautyman11@bluehost.com', 'София, ул. Оборище 61, ап. 8, вх. Г'),
('883fbc61-73e9-432e-bc7d-951f466a0301', 'pputtrell12', 'vmQXk1', 'мъж', 'Гецо', 'Василев', 'Николов', '2022-08-30', '+3598887799333', 'lbutland12@ibm.com', 'София, бул. Ситняково 40, ап. 3, вх. А'),
('bde0eb6b-8abf-40a1-9f8e-100aa9369c21', 'mgoodie13', 'hijfBE', 'мъж', 'Данаил', 'Петров', 'Иванов', '2022-09-10', '+3598870011223', 'ewingfield13@weibo.com', 'София, ул. Цар Симеон 50, ап. 14, вх. В'),
('171028fc-9b76-42c4-854a-6f03a4732b16', 'sornells14', 'wX5ffR', 'мъж', 'Данаил', 'Иванов', 'Тодоров', '2022-09-03', '+3598898899900', 'ktreagust14@whitehouse.gov', 'София, ул. Денкоглу 9, ап. 1, вх. Б'),
('080da365-e3f7-4f91-8d35-32f78056e14f', 'fgreenall15', 'KyuuvXvWBO', 'мъж', 'Даниел', 'Петров', 'Стефан', '2022-08-30', '+3598872233445', 'bburniston15@multiply.com', 'София, ул. Крум Попов 10, ап. 4, вх. А'),
('549603ab-a47f-4772-80d0-c37ade2a81e5', 'vtendahl16', 'pOdEBoxtRy', 'мъж', 'Деян', 'Иванов', 'Христов', '2022-09-03', '+3598881122334', 'bhollibone16@abc.net.au', 'София, ул. Петко Д. Петков 17, ап. 7, вх. Г'),
('9b65a4b9-7163-4601-9e6a-0918a203f19f', 'kchaffey17', '3mkLRQ1w', 'мъж', 'Димитър', 'Петров', 'Георгиев', '2022-09-03', '+3598897788990', 'amars17@macromedia.com', 'София, бул. Пенчо Славейков 29, ап. 10, вх. В'),
('339ef582-5b95-4b15-9e0f-ba2d6564039c', 'njachimczak18', '3StRTkfDCi4', 'мъж', 'Димитър', 'Иванов', 'Стефанов', '2022-08-30', '+3598875566777', 'foliff18@booking.com', 'София, ул. Козлодуй 16, ап. 6, вх. А'),
('1d707b45-895a-4571-8977-adc40ef31742', 'kadamek19', 'mzfkGeb7i', 'мъж', 'Димитър', 'Георгиев', 'Тодоров', '2022-08-31', '+3598896677888', 'bpatinkin19@seattletimes.com', 'София, ул. Ген. М. Д. Скобелев 7, ап. 9, вх. Б'),
('9ace88e2-0341-4c7f-b7dd-c90b58f4c196', 'knewlands1a', 'BB6GJW1', 'мъж', 'Димитър', 'Николов', 'Христов', '2022-09-09', '+3598887799333', 'ttincknell1a@lulu.com', 'София, ул. Хан Аспарух 41, ап. 2, вх. Г'),
('1e092225-ba8f-4877-b149-7164acdcaf2c', 'mitzkovwich1b', 'LAKagi0uPC', 'жена', 'Димитърка', 'Петрова', 'Михайлова', '2022-09-08', '+3598870011223', 'dpalmar1b@ucoz.com', 'София, ул. Любен Каравелов 59, ап. 15, вх. В'),
('eeedd936-8ce7-4671-b78f-2a7d2bd699b8', 'lscneider1c', 'WAIkuDS', 'мъж', 'Добри', 'Иванов', 'Георгиев', '2022-09-06', '+3598898899900', 'dboaler1c@free.fr', 'София, ул. Княз Борис I 39, ап. 7, вх. А'),
('cd363ee9-8318-4077-8714-597c4562df9f', 'asilversmidt1d', 'nKCXlx', 'жена', 'Евгения', 'Петрова', 'Тодорова', '2022-09-09', '+3598872233445', 'afleury1d@ow.ly', 'София, ул. Пиротска 55, ап. 11, вх. Г'),
('c3e18b8d-7b46-440e-87df-993791c33d8c', 'skirsch1e', 'F2myxJ4z', 'мъж', 'Евгени', 'Иванов', 'Николов', '2022-09-01', '+3598881122334', 'dcousin1e@yandex.ru', 'София, ул. Лъвски рид 22, ап. 16, вх. В'),
('4adab5de-c5b5-4301-a45c-39d2598905b0', 'acrouse1f', 'A4EeDpKhkZU', 'жена', 'Елена', 'Василева', 'Иванова', '2022-08-28', '+3598897788990', 'msplevin1f@msu.edu', 'София, ул. Г. С. Раковски 143, ап. 4, вх. А'),
('158aef24-b364-4de6-bbff-7d0c520043da', 'hdebroke1g', 'WTb5diCmvH38', 'жена', 'Жана', 'Петрова', 'Тодорова', '2022-09-09', '+3598875566777', 'ccasarili1g@jigsy.com', 'София, бул. Прага 23, ап. 12, вх. Б'),
('0adcf6df-9e5f-4443-b87b-1c0aa72fb4b3', 'mharding1h', 'MKo8K4', 'мъж', 'Захари', 'Иванов', 'Стефанов', '2022-09-08', '+3598896677888', 'jskarin1h@163.com', 'София, ул. Патриарх Евтимий 16, ап. 8, вх. Г'),
('bef442b6-6740-4954-818c-c68a18f7b5a4', 'apain1i', 'OxO2h34fCyXO', 'жена', 'Златина', 'Василева', 'Тодорова', '2022-09-07', '+3598887799333', 'ashave1i@sciencedaily.com', 'София, ул. Д-р Петър Дертлиев 7, ап. 3, вх. В'),
('22812264-ed29-411b-bae3-b5e6296cfda5', 'gspiring1j', 'nsSunMyNw3D', 'мъж', 'Златко', 'Петров', 'Иванов', '2022-09-07', '+3598870011223', 'rpennazzi1j@thetimes.co.uk', 'София, бул. Цар Борис III 28, ап. 2, вх. А'),
('92c444df-0ef5-4222-b7b5-94d89f429d49', 'roreagan1k', 'CiB3Z1nHwmYl', 'мъж', 'Златко', 'Иванов', 'Георгиев', '2022-09-09', '+3598898899900', 'fmueller1k@lycos.com', 'София, ул. Братя Миладинови 13, ап. 5, вх. Б'),
('87ec8b9f-0e71-4f29-9361-9d9b60b980ab', 'dstirzaker1l', 'vLMCgs7NQX', 'мъж', 'Ивайло', 'Петров', 'Димитров', '2022-09-09', '+3598872233445', 'kedmands1l@vkontakte.ru', 'София, ул. Цар Самуил 54, ап. 14, вх. Г'),
('31d7d9c5-4efc-4e1e-8810-7aee2190e01b', 'rcastiglioni1m', 'cWDmAHbg', 'мъж', 'Ивайло', 'Иванов', 'Христов', '2022-08-30', '+3598881122334', 'zwiggans1m@dagondesign.com', 'София, ул. Цар Освободител 23, ап. 10, вх. В'),
('099488d3-11bb-45dd-b066-abc9da13b065', 'kdicks1n', 'pRadbC', 'мъж', 'Ивайло', 'Георгиев', 'Костадинов', '2022-08-31', '+3598897788990', 'nhryniewicki1n@bravesites.com', 'София, бул. Ал. Малинов 31, ап. 6, вх. А'),
('11b09e7c-7b85-4ba3-b9b0-cbfa4cfe595c', 'escotland1o', 'DXtQxdsY', 'мъж', 'Иван', 'Петров', 'Георгиев', '2022-08-28', '+3598875566777', 'awoffinden1o@sun.com', 'София, ул. Димитър Маликов 1, ап. 2, вх. Б'),
('39cc8477-e12f-42b4-95c3-4d33ef0f48ee', 'ckennan1p', 'S4abgFjW5', 'мъж', 'Иван', 'Иванов', 'Димитров', '2022-09-04', '+3598896677888', 'gmacqueen1p@g.co', 'София, ул. Св. Климент Охридски 40, ап. 9, вх. Г'),
('62914ac7-7577-40f7-abde-07b24aaea63e', 'tromaine1q', '9iQOX9QmoY', 'мъж', 'Иван', 'Николов', 'Стефанов', '2022-08-31', '+3598887799333', 'jguenther1q@businessweek.com', 'София, ул. Николай Хайтов 7, ап. 3, вх. В'),
('4e348f6c-66d5-4bd6-b6fa-946e2e5262e1', 'shuncote1r', '8vhA8Fvo9m', 'мъж', 'Иван', 'Георгиев', 'Йорданов', '2022-09-05', '+3598870011223', 'rwyrall1r@washingtonpost.com', 'София, ул. Софроний Врачански 20, ап. 12, вх. А'),
('dee8077a-d6a3-4ad6-8d3a-16bfa258332b', 'jcroad1s', '401t0T5Iov', 'мъж', 'Иван', 'Стефанов', 'Костадинов', '2022-09-09', '+3598898899900', 'cjedrasik1s@mlb.com', 'София, ул. Рила 17, ап. 7, вх. Б'),
('c1206ca3-3c55-41f9-a5b8-266dc248c49e', 'aaggis1t', 'PecMHi', 'жена', 'Ивана', 'Петрова', 'Димитрова', '2022-09-04', '+3598872233445', 'wjosephs1t@amazon.com', 'София, бул. Цар Борис III 91, ап. 15, вх. Г'),
('c0a8ef28-3705-43a9-8ca3-b00c3bddf908', 'amarmion1u', 'juDYXGriue2S', 'мъж', 'Илиан', 'Иванов', 'Георгиев', '2022-09-09', '+3598881122334', 'htheobold1u@tinypic.com', 'София, ул. Цар Симеон 11, ап. 2, вх. В'),
('376f6582-0bd3-4924-b1b8-b30416edf2c7', 'dslany1v', 'PCCYTQkk4', 'жена', 'Илиана', 'Петрова', 'Тодорова', '2022-09-09', '+3598897788990', 'lwadge1v@trellian.com', 'София, ул. Д-р Петър Дертлиев 27, ап. 5, вх. А'),
('4b3c9dc3-9e2e-4815-b238-93cd06bbe394', 'tcartner1w', 'N3HJxNODClGX', 'мъж', 'Илия', 'Петров', 'Иванов', '2022-09-05', '+3598875566777', 'balibone1w@phpbb.com', 'София, бул. Прага 62, ап. 11, вх. Б'),
('05955f6c-37a8-48e5-a1f6-73e7c8b069c9', 'kgammell1x', '093K1Hn6wXSx', 'мъж', 'Илия', 'Иванов', 'Тодоров', '2022-09-10', '+3598896677888', 'dbellinger1x@printfriendly.com', 'София, ул. Петко Рачов Славейков 12, ап. 6, вх. Г'),
('05f4d72b-cd65-46b7-a786-fa3ae1555b93', 'pfigliovanni1y', 'cuFszEpL', 'мъж', 'Искрен', 'Василев', 'Георгиев', '2022-09-07', '+3598887799333', 'aduncklee1y@auda.org.au', 'София, ул. Д-р Г. М. Димитров 35, ап. 14, вх. В'),
('ee487031-277e-407a-a708-7999acd1fe64', 'wskellon1z', 'xYAdkjHJyQtf', 'мъж', 'Йоан', 'Петров', 'Иванов', '2022-09-08', '+3598870011223', 'cbee1z@howstuffworks.com', 'София, ул. Г. С. Раковски 70, ап. 8, вх. А'),
('a9e32cde-cc9e-4d90-a060-6fb4ed46ea62', 'stettersell20', 'GJvs3c', 'жена', 'Йоана', 'Иванова', 'Стефанова', '2022-09-04', '+3598898899900', 'mobradane20@ucoz.com', 'София, ул. Пирин 3, ап. 9, вх. Г'),
('6d24aef5-650c-45ea-af65-f20060b5253e', 'csalling21', '8WMzkd4ac', 'мъж', 'Камен', 'Петров', 'Тодоров', '2022-09-08', '+3598872233445', 'rfinney21@rediff.com', 'София, ул. Литекс 14, ап. 4, вх. В'),
('ac4effdb-59ba-4b87-8080-cfc0b60fd39b', 'ayurchenko22', 'rBMc4GSBqj', 'мъж', 'Кирил', 'Иванов', 'Петров', '2022-09-02', '+3598881122334', 'cpurselow22@telegraph.co.uk', 'София, ул. Цар Борис III 99, ап. 12, вх. А'),
('b7f56810-9ea1-4768-ade0-964ee53ba103', 'flemanu23', 'yk9F1h', 'мъж', 'Кирил', 'Петров', 'Георгиев', '2022-08-28', '+3598897788990', 'jmcelmurray23@digg.com', 'София, ул. Цар Симеон 32, ап. 6, вх. Б'),
('f5630b3e-2994-4fe7-9190-a0a6344ce365', 'acadreman24', 'sq1WsvfxQ2', 'мъж', 'Кирил', 'Николов', 'Иванов', '2022-09-04', '+3598875566777', 'akeson24@biblegateway.com', 'София, ул. Любен Каравелов 19, ап. 3, вх. Г'),
('9a5b3e66-92ce-45a8-9d0a-becb436c9650', 'fmckennan25', 'Ityuxz1', 'мъж', 'Кристиан', 'Иванов', 'Георгиев', '2022-09-08', '+3598896677888', 'awermerling25@lycos.com', 'София, ул. Перущица 24, ап. 8, вх. В'),
('b19fb2b0-7307-44c6-9171-f7148025a0f6', 'mdurrell26', 'amnxPJt', 'жена', 'Лилия', 'Василева', 'Иванова', '2022-09-10', '+3598887799333', 'lheeran26@360.cn', 'София, бул. Дондуков 4, ап. 11, вх. А'),
('dab2a858-0e75-43a0-b94c-3eea55e9b308', 'lcavie27', 'FGQRpKp', 'мъж', 'Любен', 'Иванов', 'Георгиев', '2022-09-09', '+3598870011223', 'tsparrow27@seattletimes.com', 'София, ул. Паренска 1, ап. 5, вх. Б'),
('60b717fe-0faa-4cfb-9b20-8d800906da58', 'bbavage28', 'qoiS0L', 'мъж', 'Любомир', 'Петров', 'Стефанов', '2022-09-05', '+3598898899900', 'lstivani28@uiuc.edu', 'София, ул. Цар Симеон 76, ап. 15, вх. Г'),
('7f457d8c-7cb1-4eed-999b-3da1a97f5a4d', 'emadrell29', 'Mk0uMbkdFv', 'жена', 'Маргарита', 'Петрова', 'Георгиева', '2022-09-01', '+3598872233445', 'vlomansey29@nhs.uk', 'София, бул. Ал. Стамболийски 68, ап. 2, вх. В'),
('a8009f6d-7ae2-4b95-8eab-7b3b269954ca', 'gjeppe2a', 'OV6DgG9', 'жена', 'Мария', 'Василева', 'Иванова', '2022-08-29', '+3598881122334', 'smcfeate2a@goo.gl', 'София, ул. Д-р Г. М. Димитров 63, ап. 12, вх. А'),
('7cc849dc-a643-4de4-9279-bfbc2e34e6a5', 'cbetchley2b', '8l5t2GJQ', 'мъж', 'Мартин', 'Петров', 'Димитров', '2022-08-29', '+3598897788990', 'stroutbeck2b@moonfruit.com', 'София, ул. Г. С. Раковски 31, ап. 7, вх. Б'),
('d6deb669-5fc0-4602-a550-5765e2d7cb61', 'mmacconnal2c', 'kFNMC8h', 'мъж', 'Мартин', 'Иванов', 'Тодоров', '2022-08-28', '+3598875566777', 'ihapper2c@eventbrite.com', 'София, ул. Христо Ботев 27, ап. 4, вх. Г'),
('b0983882-b351-4e6f-be6a-54d20e189273', 'cgarnam2d', 'ENDEnU', 'жена', 'Мая', 'Петрова', 'Георгиева', '2022-09-06', '+3598896677888', 'ygeorghiou2d@newsvine.com', 'София, ул. Рила 3, ап. 10, вх. В'),
('96d29161-4d2c-4aa1-87ad-28a640bd4e4b', 'hgerasch2e', 'iz92duWj', 'мъж', 'Милен', 'Иванов', 'Петров', '2022-08-29', '+3598887799333', 'kknyvett2e@technorati.com', 'София, бул. Цар Борис III 54, ап. 13, вх. А'),
('7fb5d9cc-4a38-4229-a808-1931cc87f4cf', 'luff2f', '2hIvYM', 'жена', 'Милена', 'Петрова', 'Иванова', '2022-08-28', '+3598870011223', 'sglynn2f@geocities.jp', 'София, ул. Пловдивска 40, ап. 6, вх. Б'),
('4e95c8fc-3f07-4f6b-9f51-bba60e6965b7', 'ftruce2g', 'aPPW3L1H', 'мъж', 'Милко', 'Петров', 'Иванов', '2022-08-30', '+3598898899900', 'ndadson2g@google.co.jp', 'София, ул. Христо Смирненски 7, ап. 2, вх. Г'),
('7b936530-203e-4388-80fa-23e55950509d', 'amorena2h', 'y9kUPL5FbtQ', 'мъж', 'Милко', 'Иванов', 'Димитров', '2022-08-28', '+3598872233445', 'dpotell2h@xinhuanet.com', 'София, ул. Д-р Петър Дертлиев 13, ап. 4, вх. В'),
('d6bc247c-5438-4f50-8780-801d2b0f5d58', 'kkynsey2i', 'wQlPYAE2O', 'жена', 'Надежда', 'Петрова', 'Тодорова', '2022-09-03', '+3598881122334', 'amorigan2i@wikimedia.org', 'София, ул. Г. С. Раковски 91, ап. 10, вх. А'),
('c9db3ca6-7120-44e0-a34c-94ac12687950', 'ohudspeth2j', 'xqb0M5h0ei', 'мъж', 'Николай', 'Петров', 'Иванов', '2022-08-31', '+3598897788990', 'bmidlar2j@w3.org', 'София, ул. Леге 19, ап. 5, вх. Б'),
('1b3a6eb9-d4e1-4bc9-9dc6-764fbdc1c437', 'fedeler2k', 'qqTBng4TSrJ', 'мъж', 'Николай', 'Иванов', 'Стефанов', '2022-09-10', '+3598875566777', 'gizhak2k@answers.com', 'София, ул. Цар Самуил 89, ап. 15, вх. Г'),
('71727c72-5518-454d-ad9e-02576b9f5db1', 'nhaulkham2l', 'SuFRVL', 'мъж', 'Николай', 'Георгиев', 'Костадинов', '2022-09-02', '+3598896677888', 'rmaccaughan2l@kickstarter.com', 'София, ул. Левски Г 14, ап. 11, вх. В'),
('cd09cae4-e7b5-4b2c-826c-9ff8c4632f8f', 'emunnings2m', 't3wptVpfBN6', 'жена', 'Николина', 'Петрова', 'Иванова', '2022-09-09', '+3598887799333', 'msydney2m@wp.com', 'София, ул. Рилски манастир 22, ап. 3, вх. А'),
('c8d77fb9-c77d-4092-b63b-4f5a8992505a', 'civy2n', 'qYVlmC', 'мъж', 'Павлин', 'Иванов', 'Георгиев', '2022-08-30', '+3598870011223', 'nskelly2n@taobao.com', 'София, ул. Цар Освободител 47, ап. 9, вх. Б'),
('47090c76-3d11-4a93-a138-bfb3572881f7', 'islinger2o', 'bH0fek', 'жена', 'Павлина', 'Петрова', 'Тодорова', '2022-08-28', '+3598898899900', 'hbuyers2o@eepurl.com', 'София, ул. Веслец 21, ап. 13, вх. Г'),
('e488dcc1-bd43-48e4-b070-c5d5816e610f', 'raloshikin2p', 'Sm2TnjA3O', 'мъж', 'Петко', 'Петров', 'Иванов', '2022-09-10', '+3598872233445', 'gsteven2p@bing.com', 'София, бул. Цар Борис III 28, ап. 2, вх. А'),
('a5449b0d-cdd6-40f0-a57a-7fedb22d040b', 'hstrond2q', 'bEJe7JhnJ', 'мъж', 'Петко', 'Иванов', 'Стефанов', '2022-09-08', '+3598881122334', 'adrakes2q@hugedomains.com', 'София, бул. Гоце Делчев 14, ап. 12, вх. Г'),
('8e63c3ee-f928-4282-bb68-8aac871958c6', 'fthunderchief2r', 'pWZU6zMPU', 'мъж', 'Петър', 'Иванов', 'Георгиев', '2022-09-05', '+3598897788990', 'mcanape2r@mediafire.com', 'София, ул. Околовръстен път 78, ап. 6, вх. В');

INSERT INTO [Staff] ([Id], [UserId], [Role]) VALUES
('64deb200-e2a2-4b23-ba87-72fec7f53398', 'b36ee25a-0bdb-4869-b782-6e9f24b39a20', 'ректор'),
('fb1e4b65-c6d5-4561-826f-e231691f0a09', '63daadc8-1482-4cd1-aba8-9c76adbfc156', 'декан'),
('3caffff7-97fe-41e5-a1b4-caf67b69d3ac', '53df65d2-081d-4e12-a73a-30e173bf25cd', 'декан'),
('a6d170c4-cedd-4708-a72d-c5479177b707', '172efbd5-36a2-43df-a32b-4b6cbe95f112', 'декан'),
('105e5599-7107-4cfe-a9e8-232e132cf41b', 'f99d8143-ceac-42e2-94a0-5d8bda49993e', 'декан'),
('b6c90fa0-a3f1-48d4-8230-2770c464016b', '4c4bd077-7cfa-4a1c-ae31-09c7482b1cf9', 'декан'),
('b7d88985-4a76-44d1-a025-8ea5ff739819', 'f1884801-5d5c-4644-a571-580b2782c2f1', 'декан'),
('5e7574c6-ae2f-4687-806b-497c4d08856f', 'db517046-8405-4b13-83fe-ac60ed8f30c1', 'декан'),
('0d11e21f-f6a2-4a73-a72a-e428811ec7c5', '0feb885f-78e4-458d-9f27-ffff815bad8f', 'декан'),
('0f915dac-9097-44f3-bf0a-9f080821ce07', '6438978e-691a-4eb2-8c6d-d990ee197c4b', 'декан'),
('6a71f873-7877-4682-bc85-0aa1726e9d65', '71560e48-3385-4f55-b1fd-d2c0a0da2e31', 'декан'),
('9c92e140-2bfc-49fc-aca6-4d702088c46f', '6817a893-5979-41b7-a346-24d525aacc20', 'декан'),
('f6e64c10-e54d-4eca-b845-0b262c5c8366', '84e29f3d-d47b-4f8f-8d1d-b85d5f50085b', 'декан'),
('6c4fb5ad-4209-4fcb-bbaa-acc326cdc2bc', '10e22ad6-b787-4910-b86b-54b673680cc5', 'декан'),
('2e9b6770-77db-4aaa-9bae-dc5d22fc58ba', '6c9cd47d-cbc3-49b7-aec6-cc63ad44bf41', 'декан'),
('92d5b140-d970-4db4-aeb8-bbeb0f25f841', '14379daa-8dc8-42c8-9fb2-67d9927eef8d', 'декан'),
('15a1c888-2aa8-4f18-9fe5-6a7ea0aba06f', 'efead2c8-61ca-456b-9fca-61bc084eceaa', 'декан'),
('7e19f105-8a40-46e8-8934-a18a4c9e35e5', 'f35e566e-c017-484f-ad03-54a769d6a7c2', 'преподавател'),
('c3cb9be2-e794-4418-98d7-e811084e9c7b', '9a11f7ea-79ac-4334-9aa3-69693db0c81a', 'преподавател'),
('02b73a11-58f5-4970-ab4a-6e71d724d029', '116cab43-35d2-4b6f-950a-7958354cde25', 'преподавател'),
('7a26e333-6463-45b9-becb-999aef3606ad', '04235ec7-19b1-4117-9226-b0cdc60bbe81', 'преподавател'),
('e8802106-d9d6-4944-abed-69f4f74f17c4', '680e5195-61e7-400f-8f38-ba8e40b66182', 'преподавател'),
('34ef1779-bd90-40bd-857c-2df602781625', 'f49f3598-0b5e-4493-9b33-f66ad80e5c15', 'преподавател'),
('069c2f00-9329-4f52-b016-1a289d3a27f5', '0329ecc3-d21d-486d-a26e-bf1f961ba4a8', 'преподавател'),
('124cefce-4dc2-40aa-a404-0a1997b06c54', '2bc7425e-5953-4819-a738-0ac0e5fb1a76', 'преподавател'),
('28d77951-4090-46cf-8155-5551cdb6aeb5', '8e83b094-c9f3-4d47-8613-f8a051846bd3', 'преподавател'),
('6ce22b63-b5ef-45f7-a7bf-4d7a9e7ea856', '11413d09-192f-4e93-ab17-b2a5bccd0279', 'тютор'),
('4d7248af-3787-44e6-b08c-a132781f4c3e', '713418b2-c0dc-4ab3-b46e-db1651eb0aac', 'тютор'),
('df08e92a-bf9d-41ce-900b-4cb3ce30c0c2', 'ef43ba07-b54c-4469-b22f-abfa5305e52e', 'тютор'),
('452f4c4a-a725-4496-b378-9edfc843b284', '0245422b-1ccc-423f-98d6-0df3795bce78', 'тютор'),
('41e2848b-be4d-4701-b52d-45bc8c7220cd', 'fae77844-71d2-4a94-8125-434545b6494f', 'тютор'),
('7d232ed0-9375-4697-94c1-2c255c03afe8', 'fbb8a09d-e772-4f51-a741-97b87da1b742', 'тютор'),
('50ebf2aa-a1f4-4140-8108-2062e9a4527d', '549603ab-a47f-4772-80d0-c37ade2a81e5', 'тютор'),
('c410e6b8-556c-449c-96ab-a3eed994d18d', '9b65a4b9-7163-4601-9e6a-0918a203f19f', 'тютор'),
('6323a520-6c2a-48a1-9a86-64369d4a0331', '339ef582-5b95-4b15-9e0f-ba2d6564039c', 'тютор'),
('a22d99b1-2d62-4486-9a2d-3eec9671e410', '1d707b45-895a-4571-8977-adc40ef31742', 'тютор'),
('d4b6e8bf-47c9-4d9f-ae3a-faaf019c9c5a', '9ace88e2-0341-4c7f-b7dd-c90b58f4c196', 'тютор'),
('03e8ba74-b157-4a3f-a65e-c157ae53a3fd', '1e092225-ba8f-4877-b149-7164acdcaf2c', 'тютор'),
('37b345e9-a29f-4515-b3d0-5ee9dbcf4236', 'eeedd936-8ce7-4671-b78f-2a7d2bd699b8', 'тютор'),
('5f4cf75e-bdcf-4755-ad32-02249710c8d6', 'cd363ee9-8318-4077-8714-597c4562df9f', 'тютор'),
('ff3bd9ce-e36a-4aec-a39a-800614acf06d', 'c3e18b8d-7b46-440e-87df-993791c33d8c', 'тютор'),
('717db37e-83fb-4b45-b343-2bf100eff446', '4adab5de-c5b5-4301-a45c-39d2598905b0', 'тютор');

INSERT INTO [Universities] ([Id], [Name], [RectorId], [Address], [Capacity]) VALUES
('b8431802-f34f-494b-a60a-599e9ec87c45', 'Софийски университет "Св. Климент Охридски"', '64deb200-e2a2-4b23-ba87-72fec7f53398', 'бул. Цар Освободител 15, София 1000, България', 10000);

INSERT INTO [Faculties] ([Id], [Name], [UniversityId], [DeanId], [Code]) VALUES
('982f7d6f-83d8-4ab4-92b0-03c29fb4ef29', 'Исторически факултет', 'b8431802-f34f-494b-a60a-599e9ec87c45', 'fb1e4b65-c6d5-4561-826f-e231691f0a09', 'ИФ'),
('7e613100-c9a8-40bb-9211-a48b30f30014', 'Факултет по славянски филологии', 'b8431802-f34f-494b-a60a-599e9ec87c45', '3caffff7-97fe-41e5-a1b4-caf67b69d3ac', 'ФСН'),
('3dd2a288-6904-48de-9024-66d0593fda9d', 'Юридически факултет', 'b8431802-f34f-494b-a60a-599e9ec87c45', 'a6d170c4-cedd-4708-a72d-c5479177b707', 'ЮФ'),
('621f8037-2997-4117-9714-d42cd6d315ba', 'Факултет по математика и информатика', 'b8431802-f34f-494b-a60a-599e9ec87c45', '105e5599-7107-4cfe-a9e8-232e132cf41b', 'ФМИ'),
('ded78f4b-2c08-4cdf-8fd1-eed86b09962f', 'Богословски факултет', 'b8431802-f34f-494b-a60a-599e9ec87c45', 'b6c90fa0-a3f1-48d4-8230-2770c464016b', 'БОФ'),
('51435365-43e9-4e11-92cc-3b34d81dc4e2', 'Факултет по химия и фармация', 'b8431802-f34f-494b-a60a-599e9ec87c45', 'b7d88985-4a76-44d1-a025-8ea5ff739819', 'ФХФ'),
('c89ddbd9-b9fc-4f23-98db-3811c4fdaf53', 'Биологически факултет', 'b8431802-f34f-494b-a60a-599e9ec87c45', '5e7574c6-ae2f-4687-806b-497c4d08856f', 'БОБ'),
('809c5d58-d3c5-4142-ada3-dac0902545bd', 'Геолого-географски факултет', 'b8431802-f34f-494b-a60a-599e9ec87c45', '0d11e21f-f6a2-4a73-a72a-e428811ec7c5', 'ГФ'),
('93371187-5f18-402b-966f-e5d826503133', 'Физически факултет', 'b8431802-f34f-494b-a60a-599e9ec87c45', '0f915dac-9097-44f3-bf0a-9f080821ce07', 'ФЗФ'),
('a06a28aa-2235-42eb-a3d5-c76bb63cb728', 'Факултет по журналистика и масова комуникация', 'b8431802-f34f-494b-a60a-599e9ec87c45', '6a71f873-7877-4682-bc85-0aa1726e9d65', 'ФЖК'),
('d451a703-74e4-43a4-9788-379291506692', 'Факултет по класически и нови филологии', 'b8431802-f34f-494b-a60a-599e9ec87c45', '9c92e140-2bfc-49fc-aca6-4d702088c46f', 'ФКФ'),
('63c35e3f-7b29-4304-a86d-2dfd4d1e3272', 'Факултет по науки за образованието и изкуствата', 'b8431802-f34f-494b-a60a-599e9ec87c45', 'f6e64c10-e54d-4eca-b845-0b262c5c8366', 'ФН'),
('829b65dd-cb9c-47d5-9c3d-bb980492eede', 'Факултет по педагогика', 'b8431802-f34f-494b-a60a-599e9ec87c45', '6c4fb5ad-4209-4fcb-bbaa-acc326cdc2bc', 'ФП'),
('c1da6e8e-8ee2-4803-b2ce-ae06c8aaffe9', 'Философски факултет', 'b8431802-f34f-494b-a60a-599e9ec87c45', '2e9b6770-77db-4aaa-9bae-dc5d22fc58ba', 'ФЛФ'),
('6c4e3e3c-d0da-4373-8731-d152acb06718', 'Стопански факултет', 'b8431802-f34f-494b-a60a-599e9ec87c45', '92d5b140-d970-4db4-aeb8-bbeb0f25f841', 'СФ'),
('fb9055c9-e8bd-4693-a05d-6628f9a4599a', 'Медицински факултет', 'b8431802-f34f-494b-a60a-599e9ec87c45', '15a1c888-2aa8-4f18-9fe5-6a7ea0aba06f', 'МФ');

INSERT INTO [Specialities] ([Id], [Degree], [Name], [Semesters], [Code]) VALUES
('51f1bbca-adf8-4607-adb0-8f571d4801a5', 'Бакалавърска степен', 'История', 4, 'ИБ'),
('a59014a2-5045-49a4-b447-791758d20f12', 'Бакалавърска степен', 'Археология', 4, 'АБ'),
('07b934a3-86d1-4af3-88bc-11d5fb76980f', 'Бакалавърска степен', 'Етнология', 4, 'ЕБ'),
('527cd016-8620-41ed-a536-0532f67c52be', 'Бакалавърска степен', 'Архивистика и документалистика', 4, 'АДБ'),
('0cd936f7-9496-484e-b7c0-140ac6016eb4', 'Бакалавърска степен', 'Минало и съвремие на Югоизточна Европа', 4, 'МСЮЕБ'),
('fd745da4-173d-44bb-b741-121afb63bed7', 'Бакалавърска степен', 'Хебраистика', 4, 'ХБ'),
('bf15e7de-47d8-4c66-816c-5177579854f2', 'Магистърска степен', 'Българско Средновековие и Възраждане (VII-XIX в.)', 8, 'БСВМ'),
('70eb2e5d-d148-4f1e-ba00-6fb72d1a5127', 'Магистърска степен', 'Нова и съвременна българска история', 8, 'НСБИМ'),
('5fd4b556-842d-4db0-8f93-33cdbe4fd34d', 'Магистърска степен', 'Американистика и трансатлантически отношения', 8, 'АТОМ'),
('4e368f2f-5551-4031-81de-59bc43c591ca', 'Магистърска степен', 'Медии и историческа памет', 8, 'МИПМ'),
('59a3aaab-e165-4996-a659-d5e3dc732365', 'Магистърска степен', 'Балканите между две цивилизации: християнство и ислям', 8, 'БДЦХИМ'),
('b2fc2692-2f15-46f3-b6b2-49d7f1b11131', 'Магистърска степен', 'Антична история и култура', 8, 'АИКМ'),
('1be45aa4-d8e6-4f7c-aed9-55b1887209c2', 'Магистърска степен', 'Средновековното общество – идеология, политика и култура', 8, 'СОМ'),
('900c020d-0900-42a3-81d0-6708b88f80d6', 'Магистърска степен', 'Кризи, конфликти и дипломация в световната политика XVII-XX в.', 8, 'ККДСПМ'),
('d54cee21-6207-4f8d-ae0b-14734de1ff7e', 'Магистърска степен', 'История на Евразия, Русия и Източна Европа', 8, 'ИЕРИМ'),
('a835862f-5963-42d2-991a-905b9fd0d01b', 'Магистърска степен', 'Документалистика и архивистика', 8, 'ДАМ'),
('55608870-89ef-4fb8-9d72-25a1865916ce', 'Магистърска степен', 'Етничност и национални взаимоотношения в Югоизточна Европа (англ. ез)', 8, 'ЕНВМ'),
('b38e6c89-a313-4f8e-9d82-742fffb58d9f', 'Магистърска степен', 'Власт, авторитет и култура в Югоизточна Европа (англ. ез)', 8, 'ВАКМ'),
('022c74e3-a2aa-4676-a932-91da865c32b6', 'Магистърска степен', 'Европейския югоизток', 8, 'ЕЮИМ'),
('106d20d5-7cbe-4da4-88c5-343fbf5439f2', 'Магистърска степен', 'Археология', 8, 'АРХМ'),
('1b8d2db6-f8eb-438a-b818-42164c206ca7', 'Магистърска степен', 'Археометрия', 8, 'АМТМ'),
('dee16a9a-b052-47f5-8059-05625033daeb', 'Магистърска степен', 'Културна антропология и етнология', 8, 'КАЕМ'),
('f8779159-3f09-4fee-b01e-ef44f7dfef57', 'Бакалавърска степен', 'Българска филология', 4, 'БФБ'),
('b22c8791-db88-4673-8079-5b7fb85849e7', 'Бакалавърска степен', 'Руска филология', 4, 'РФБ'),
('e5b10547-cc4a-404a-bdf5-d5df179bbce6', 'Магистърска степен', 'Славянска филология', 8, 'СФМ'),
('d219c859-077e-4d54-b308-fd79a17d1161', 'Магистърска степен', 'Полска филология', 8, 'ПФМ'),
('92c8ae70-3355-4a27-b07e-be3ff006ea71', 'Магистърска степен', 'Сръбска и хърватска филология със специализация по словенски език', 8, 'СХФСПСЕМ'),
('092f4321-19a0-4cea-9d26-1e63af2b2064', 'Магистърска степен', 'Чешка филология', 8, 'ЧФМ'),
('bd041050-4bb9-4d4c-8b5d-6033a7e7515f', 'Магистърска степен', 'Украинска филология', 8, 'УФМ'),
('399698b7-6d9e-4cad-a917-64476f575d98', 'Магистърска степен', 'Словашка филология', 8, 'СФМ'),
('cd5091d5-149b-4b57-9e3e-e4972db76a81', 'Магистърска степен', 'Балканистика', 8, 'БАМ'),
('2737beb3-755f-476f-b85d-013e9a7b1ba0', 'Бакалавърска степен', 'Теория и история на държавата и правото', 4, 'ТИДПБ'),
('34029faf-ba8b-46f8-9390-c9d741c8b140', 'Бакалавърска степен', 'Административно и държавно право', 4, 'АДПБ'),
('21a9301a-7d60-4228-aefd-d5767f5ff076', 'Бакалавърска степен', 'Международно право и международни отношения', 4, 'МПМОБ'),
('e958b100-2446-475e-977a-ccb1331eeee2', 'Бакалавърска степен', 'Гражданско право', 4, 'ГПБ'),
('5c04a681-a66a-462e-80d3-bb510a46641c', 'Бакалавърска степен', 'Наказателно право', 4, 'НПБ'),
('8297d1b9-48be-46ec-b9a7-795cb5e010db', 'Магистърска степен', 'Теория и история на държавата и правото', 8, 'ТИДПМ'),
('1fde6cc4-af43-4267-a30c-8c5c19a9c477', 'Магистърска степен', 'Административно и държавно право', 8, 'АДПМ'),
('2e45fe90-d79a-4ddd-b434-52dbf07d5016', 'Магистърска степен', 'Международно право и международни отношения', 8, 'МПМОМ'),
('1ee86183-c149-4cfa-b8d3-ecd974bf813d', 'Магистърска степен', 'Гражданско право', 8, 'ГПМ'),
('e47b3ed0-06fc-4624-bfd5-6c3281ea8fc2', 'Магистърска степен', 'Наказателно право', 8, 'НПМ');

INSERT INTO [Specialities] ([Id], [TutorId], [Degree], [Name], [Semesters], [Code]) VALUES
('9d14974e-1fba-499e-889f-0fc585c907fd', '6ce22b63-b5ef-45f7-a7bf-4d7a9e7ea856', 'Бакалавърска степен', 'Софтуерно инженерство', 4, 'СИБ'),
('d58a65b4-8b92-4266-ad7d-f7ae0c73e612', '4d7248af-3787-44e6-b08c-a132781f4c3e', 'Бакалавърска степен', 'Компютърни науки', 4, 'КНБ'),
('3310cd52-d2b8-4083-90e1-4c33990d7e21', 'df08e92a-bf9d-41ce-900b-4cb3ce30c0c2', 'Бакалавърска степен', 'Информатика', 4, 'ИБ'),
('b75d3077-6aea-45df-82a5-d92e23b0e1e2', '452f4c4a-a725-4496-b378-9edfc843b284', 'Бакалавърска степен', 'Информационни системи', 4, 'ИСБ'),
('d5e9fc7f-474d-45a8-a819-2d0603745392', '41e2848b-be4d-4701-b52d-45bc8c7220cd', 'Бакалавърска степен', 'Математика и информатика ', 4, 'МИБ'),
('15ca9def-3fec-4747-9548-29a69ad5b674', '7d232ed0-9375-4697-94c1-2c255c03afe8', 'Бакалавърска степен', 'Приложна математика', 4, 'ПМБ'),
('3b774227-6b42-4f19-97fd-beeb53f26608', '50ebf2aa-a1f4-4140-8108-2062e9a4527d', 'Бакалавърска степен', 'Математика', 4, 'МБ'),
('470f5165-fcd9-4711-a593-8044b97e30d5', 'c410e6b8-556c-449c-96ab-a3eed994d18d', 'Бакалавърска степен', 'Статистика', 4, 'СТБ'),
('8f867103-766e-450f-9b51-d1efac65c82f', '6323a520-6c2a-48a1-9a86-64369d4a0331', 'Магистърска степен', 'Софтуерно инженерство', 8, 'СИМ'),
('931d3a64-defd-4946-a27d-ea0477ebde11', 'a22d99b1-2d62-4486-9a2d-3eec9671e410', 'Магистърска степен', 'Компютърни науки', 8, 'КНМ'),
('2bb0112b-ed96-457d-bba2-21ef6440e31c', 'd4b6e8bf-47c9-4d9f-ae3a-faaf019c9c5a', 'Магистърска степен', 'Информатика', 8, 'ИНМ'),
('127ba714-1048-4cd7-86fa-ca66d17afbfd', '03e8ba74-b157-4a3f-a65e-c157ae53a3fd', 'Магистърска степен', 'Информационни системи', 8, 'ИСМ'),
('5fe020a5-eb6e-477a-8a19-2d319e3d3053', '37b345e9-a29f-4515-b3d0-5ee9dbcf4236', 'Магистърска степен', 'Математика и информатика ', 8, 'МИМ'),
('1f84f767-b4ed-439d-a039-dbf0ebd94f2c', '5f4cf75e-bdcf-4755-ad32-02249710c8d6', 'Магистърска степен', 'Приложна математика', 8, 'ПММ'),
('7e47b67c-6b18-4002-a5a2-1b460bb2e5b1', 'ff3bd9ce-e36a-4aec-a39a-800614acf06d', 'Магистърска степен', 'Математика', 8, 'МАМ'),
('de1ff495-9b22-4e35-95e2-7dfe0c9d3d92', '717db37e-83fb-4b45-b343-2bf100eff446', 'Магистърска степен', 'Статистика', 8, 'СТМ');

INSERT INTO [Specialities] ([Id], [Degree], [Name], [Semesters], [Code]) VALUES
('57b2dfa7-e4fc-4405-a942-489e7727d578', 'Бакалавърска степен', 'Теология (Богословие)', 4, 'ТББ'),
('ac66c140-4b93-47de-8ce1-63c04020526e', 'Бакалавърска степен', 'Религията в Европа', 4, 'РВБ'),
('50163973-692b-49ce-9bd4-62120d3e755f', 'Магистърска степен', 'Вяра и живот', 8, 'ВЖМ'),
('b5f13c2e-7f05-46a2-88cb-09456687c488', 'Магистърска степен', 'Извори и традиция на богословието', 8, 'ИТБМ'),
('1f6b0302-d075-44a3-84d4-bfd8162ce5ce', 'Магистърска степен', 'Литургия и музика', 8, 'ЛММ'),
('9b4ffdcd-9c3e-4b03-8c86-ceca4a80f634', 'Магистърска степен', 'Религия и образование', 8, 'РОМ'),
('dbdad0c2-e65b-406c-89b4-fd4c98933f62', 'Магистърска степен', 'Съвременни аспекти на богословието', 8, 'САБМ'),
('fb6d3374-6583-4764-b26b-1faa27e28dbd', 'Магистърска степен', 'Християнско поклонничество', 8, 'ХПМ'),
('e0cc55e6-4631-4c24-900f-ff281232fc93', 'Магистърска степен', 'Църковно социално дело', 8, 'ЦДМ'),
('de169f2a-675b-4bb5-af98-ccea632a1369', 'Магистърска степен', 'Църква и медии', 8, 'ЦММ'),
('45be8670-aa21-4502-86bf-42e43d98f54f', 'Магистърска степен', 'Църковен мениджмънт', 8, 'ЦММ'),
('9c899071-a418-4399-9310-b1d229dccac2', 'Магистърска степен', 'Църковно изкуство в България ', 8, 'ЦИМ'),
('e2fdc3a7-3271-471f-8cd2-0d8e236bd45c', 'Магистърска степен', 'Ръководене на църковен хор', 8, 'РНЦМ'),
('36868ae7-4e1a-4c99-851d-992e2cf0da8a', 'Бакалавърска степен', 'Химия', 4, 'ХИБ'),
('657cdadb-2583-40e2-aac5-7b45fe554ad2', 'Бакалавърска степен', 'Екохимия', 4, 'ЕКБ'),
('25f4eb20-684b-4713-9c01-d537e5694b35', 'Бакалавърска степен', 'Компютърна химия', 4, 'КХБ'),
('f8e11bf3-d3e3-4e68-9e87-a58a112eff25', 'Бакалавърска степен', 'Ядрена химия', 4, 'ЯХБ'),
('5431446d-4655-4c76-a994-c07cab2c940b', 'Бакалавърска степен', 'Инженерна химия и съвременни материали ', 4, 'ИХСМБ'),
('5daeab15-88b7-4c7a-8a30-249706fc695a', 'Бакалавърска степен', 'Химия и информатика', 4, 'ХИБ'),
('3a7a6272-977d-4154-acdf-dd02eea658de', 'Бакалавърска степен', 'Химия и английски език', 4, 'ХИГБ'),
('e6ceb112-c3e6-49f1-83b5-c262999242a1', 'Магистърска степен', 'Фармация', 8, 'ФАМ'),
('f13ced18-8480-4b7b-95e5-23e7760877fa', 'Магистърска степен', 'Екохимия', 8, 'ЕКМ'),
('08eb3ddc-0a47-4c90-b532-a74269ae254a', 'Магистърска степен', 'Медицинска химия', 8, 'МХМ'),
('00e96630-07cf-4a4d-a271-d5e10601e9f9', 'Магистърска степен', 'Медицинска и фармакологична биофизикохимия', 8, 'МИБИОМ'),
('54857971-b4f8-4e7c-ba3f-4c4a656f8188', 'Магистърска степен', 'Дисперсни системи в химичните технологии', 8, 'ДВЕМ'),
('b9a8b079-52d5-4fc5-9054-15409620f383', 'Магистърска степен', 'Козметика и битова химия', 8, 'КИБМ'),
('e9c5d6fa-9c77-4a8c-9eb6-b75745b1645c', 'Магистърска степен', 'Неорганични и хибридни материали за съвременните технологии', 8, 'НЗЕМ'),
('ffbc5bbb-1adf-491b-8f46-2017999a3f83', 'Магистърска степен', 'Съвременни спектрални и хроматографски методи за анализ', 8, 'ССМ'),
('bd97136e-baf4-49a1-92f9-a4cfcb1e0675', 'Магистърска степен', 'Функционални материали', 8, 'ФММ'),
('2085298f-5bea-4f80-ab80-c6deb329aaa3', 'Магистърска степен', 'Изчислителна химия', 8, 'ИХМ'),
('bb48b672-bc0d-4fd4-8f64-2aecc32dcc7d', 'Магистърска степен', 'Съвременни методи за синтез и анализ на органични съединения', 8, 'СНИМ'),
('84778e29-d44e-4f9c-91a7-eb6c5ca7838d', 'Магистърска степен', 'Полимери', 8, 'ПОМ'),
('e91d8858-5764-4cba-a19d-8cb2ee29afb0', 'Магистърска степен', 'Биоаналитична и бионеорганична химия', 8, 'БИАМ'),
('c1f107ae-04b3-4d2d-a56f-3f25b6320608', 'Магистърска степен', 'Археометрия', 8, 'АРМ'),
('80a7b876-5f85-4f15-adfa-e1cc0c5bf15e', 'Магистърска степен', 'Радиохимия и радиоекология', 8, 'РРМ'),
('07880c61-15b1-45be-bdf5-6125fdd3792d', 'Магистърска степен', 'Ядрена химия', 8, 'ЯХМ'),
('2bdebc1b-79b0-4709-8972-18b0e1e1a90d', 'Магистърска степен', 'Учител по химия', 8, 'УХМ'),
('48a9acf0-053b-4204-99ed-56ce24b3877c', 'Бакалавърска степен', 'Биология', 4, 'БИБ'),
('672103c6-aa96-4a5d-a496-237e044a793a', 'Бакалавърска степен', 'Молекулярна биология', 4, 'МББ'),
('db08b307-b19d-4910-94e4-85ce6a840215', 'Бакалавърска степен', 'Биотехнологии', 4, 'БИБ'),
('e1684653-55c5-4363-b2d4-688c9211111a', 'Бакалавърска степен', 'Екология и опaзване на околната среда', 4, 'ЕООСБ'),
('0a7a81dc-3d7b-435d-814e-1d32fd012906', 'Бакалавърска степен', 'Биология и химия', 4, 'БХБ'),
('ffea026a-4102-4819-a96c-e7db9b6d488d', 'Бакалавърска степен', 'География и биология', 4, 'ГББ'),
('22ff789c-dc94-4319-a953-bbac5ebd1d89', 'Бакалавърска степен', 'Биология и английски език', 4, 'БАБ'),
('4f30ed25-b492-441b-aa37-b108e93aab8e', 'Бакалавърска степен', 'Биомениджмънт и устойчиво развитие', 4, 'БИИБ'),
('07d91fff-6ffc-4119-8b4b-543724393eff', 'Бакалавърска степен', 'Агробиотехнологии', 4, 'АГБ'),
('13d7cba2-bc21-4458-81b9-6be2e6ea0793', 'Магистърска степен', 'Алгология и микология', 8, 'АММ'),
('7b9456fe-f671-40fc-a4fd-aaa40a2214db', 'Магистърска степен', 'Биология на развитието', 8, 'БРМ'),
('29ea405d-fe8b-4dfb-bba5-85662e238c6e', 'Магистърска степен', 'Биобизнес и биопредприемачество', 8, 'ББМ'),
('376b9dd4-50a9-4fdc-be48-6ab926c0f5d6', 'Магистърска степен', 'Ботаника и висши растения', 8, 'БИСМ'),
('ad595a79-0d34-4892-9912-0424b143cde3', 'Магистърска степен', 'Ентомология', 8, 'ЕНМ'),
('be2c0eea-649f-4f2a-81fa-ebf6cdf8b555', 'Магистърска степен', 'Зоология', 8, 'ЗОМ'),
('83d2098e-a417-4aa3-b9a4-81271f4cea81', 'Магистърска степен', 'Клетъчна биология и патология', 8, 'КБ М'),
('3e58fd0a-f81b-41e2-a69d-5a2b9facc772', 'Магистърска степен', 'Обща антропология', 8, 'ОАМ'),
('05e9fdc2-762b-4e4d-8d2c-f00b218cf1f6', 'Магистърска степен', 'Паразитология', 8, 'ПАМ'),
('61c0b088-fa55-4667-a265-6c1a3edd13f0', 'Магистърска степен', 'Приложна хидробиология и аквакултури', 8, 'ПХМ'),
('ec646108-ad8e-4bbc-9351-dc7f7d3e34b2', 'Магистърска степен', 'Структурна ботаника', 8, 'СБМ'),
('2d902a9e-a7fd-4d80-a407-a76a212e5d14', 'Магистърска степен', 'Биохимия', 8, 'БИМ'),
('9239b3ed-8c03-41a1-a94d-db8939d447f5', 'Магистърска степен', 'Биофизика', 8, 'БИМ'),
('0c856316-a9eb-4b6b-af73-99c2ac9b5f01', 'Магистърска степен', 'Генетика и геномика', 8, 'ГГМ'),
('692fa90e-3991-42dc-b1dd-d4a0f646dfbd', 'Магистърска степен', 'Вирусология', 8, 'ВИМ'),
('fef4dcdd-9ad1-4e13-82b6-825740f69831', 'Магистърска степен', 'Микробиология и микробиологичен контрол', 8, 'МИИМ'),
('07343f4a-adb3-4f71-9106-8034f2dc298c', 'Магистърска степен', 'Физиология на растенията', 8, 'ФРМ'),
('8269078d-24a6-494f-b8c4-9d3b0c2c37cf', 'Магистърска степен', 'Физиология на животните и човека', 8, 'ФЖИМ'),
('acbc7e8f-a2fe-43ee-b7ca-b3c11a2cf026', 'Магистърска степен', 'Индустриални биотехнологии', 8, 'ИБМ'),
('ebc9456f-984d-4c57-986d-0d32bc0b4120', 'Магистърска степен', 'Растителни биотехнологии', 8, 'РБМ'),
('be010881-5fc0-4745-8feb-8e1da479bf2b', 'Магистърска степен', 'Екологична биотехнология', 8, 'ЕБМ'),
('704e692e-2ebe-4fe8-822d-133e8b26f6b6', 'Магистърска степен', 'Генно и клетъчно инженерство', 8, 'ГИМ'),
('5c5f562b-aebf-48b7-a119-2cc6013da1c3', 'Магистърска степен', 'Индустриални и фармацевтични биотехнологии', 8, 'ИИБИМ'),
('45d8f668-b00b-4092-b749-7807011155db', 'Магистърска степен', 'Екология', 8, 'ЕКМ'),
('5e6d84df-c914-4bc4-bdb3-7f6077a1e7c2', 'Магистърска степен', 'Опазване на околната среда', 8, 'ОНОМ'),
('657e1292-9204-4ee3-8cbb-f50b9a2f86db', 'Магистърска степен', 'Екомениджмънт ', 8, 'ЕКМ'),
('162168bd-f65c-4450-a72e-1d5708f99320', 'Магистърска степен', 'Качество и безопасност на храните', 8, 'КБТМ'),
('65c97982-275c-48a9-8056-4a8998311206', 'Магистърска степен', 'Учител по биология на английски език', 8, 'УБАМ'),
('f8b22284-1b73-4fc3-9045-cc1c813b3fee', 'Бакалавърска степен', 'Геология', 4, 'ГЕБ'),
('2308ae0d-d213-4bb4-9e0c-a8c59f257cfe', 'Бакалавърска степен', 'География', 4, 'ГЕБ'),
('a07d336b-f04d-4f86-a7e0-22d6ad84e558', 'Бакалавърска степен', 'Геология и проучване на природни ресурси', 4, 'ГНОБ'),
('faf1c84a-e90d-4968-a424-c211f25d2090', 'Бакалавърска степен', 'Геопространствени системи и технологии', 4, 'ГСТБ'),
('df2c8e77-8380-4d66-9a58-58809dc7a061', 'Бакалавърска степен', 'Туризъм', 4, 'ТУБ'),
('f86beb29-474b-499c-8e33-002f9d22c822', 'Бакалавърска степен', 'Регионално развитие и политика', 4, 'РРЕБ'),
('947bc033-2102-434e-b649-f41c23f4e9e0', 'Бакалавърска степен', 'География и английски език', 4, 'ГИГБ'),
('d10017ab-c554-4cfb-8f16-ebe02eafb49a', 'Магистърска степен', 'Приложна икономическа геология (Applied Economic Geology)', 8, 'ПAМ'),
('dd1dc819-35a2-4ee2-a725-cfee907687de', 'Магистърска степен', 'Икономическа геология', 8, 'ИГМ'),
('cfa278a7-afd5-4b02-a299-e1df974d2137', 'Магистърска степен', 'Геология и палеонтология', 8, 'ГПМ'),
('9f5ab612-04c6-458d-8a25-68c37045a4c6', 'Магистърска степен', 'Минералогия, петрология и полезни изкопаеми', 8, 'МИНМ'),
('ff6f8f8d-bdbe-41b5-b233-335ede1a9646', 'Магистърска степен', 'Палеонтология и биостратиграфия', 8, 'ПБМ'),
('193db5fe-78f9-4381-8e95-f1442d09cd8c', 'Магистърска степен', 'Приложна геохимия', 8, 'ПГМ'),
('b4467982-dea4-4d78-9e14-72c309a1eafe', 'Магистърска степен', 'Гемология', 8, 'ГЕМ'),
('bfa0e67d-7d0c-46d4-b903-87f28948c1c7', 'Магистърска степен', 'Археометрия', 8, 'АРМ'),
('92be6f8f-834e-4266-81cb-a1bf35aa1329', 'Магистърска степен', 'Географски информационни системи и картография', 8, 'ГСМ'),
('715a5312-d405-4ab6-adfc-9169afd92665', 'Магистърска степен', 'Геоморфология', 8, 'ГЕМ'),
('c169ae2d-20fb-43b5-aef5-b7858fc6d2ec', 'Магистърска степен', 'Изменения на климата и управление на водите', 8, 'ИУИМ'),
('dd1139f5-1070-462b-9073-24c28e3ed8de', 'Магистърска степен', 'Управление на природната среда и рискови процеси', 8, 'УИКМ'),
('96016e64-c91e-4578-af2a-73860e1bd058', 'Магистърска степен', 'Ландшафтна екология и природен капитал', 8, 'ЛЕПКМ'),
('2c1b95f7-e2f8-40ea-b221-31354c79e0de', 'Магистърска степен', 'Регионална и политическа география', 8, 'РИКМ'),
('b4e27146-bb97-4d15-96ac-c1e39d150f06', 'Магистърска степен', 'Регионално развитие и управление', 8, 'РРИМ'),
('e2841c0f-caea-4c30-abfe-1f0398dc9813', 'Магистърска степен', 'Културна и политическа география', 8, 'КИКМ'),
('5749e1f0-e9a8-4c7e-874e-a5a052d2de40', 'Магистърска степен', 'Географско образование', 8, 'ГОМ'),
('9d008d80-25b9-4840-bf33-10ceccbb44ac', 'Магистърска степен', 'Развитие и управление на селските райони', 8, 'РНСМ'),
('614b8030-bc30-4ad0-abfb-18448b98e8e4', 'Магистърска степен', 'Регионални изследвания и устойчиви региони', 8, 'РИЧМ'),
('65d1ac41-80ef-4f9b-a25b-afff20901c00', 'Магистърска степен', 'Управление на туристически дестинации', 8, 'УНИМ'),
('f7941e25-5792-45f6-bc8d-3db4598a01ef', 'Магистърска степен', 'Културен туризъм', 8, 'КТМ'),
('78bcc7ce-1751-4564-a0d7-b1d49b78a553', 'Магистърска степен', 'Екотуризъм', 8, 'ЕКМ'),
('7c5db4d4-bd5a-4d1a-81f7-327ad3c5f5c8', 'Магистърска степен', 'Туризъм', 8, 'ТУМ'),
('d47f2fbb-73d7-4489-b52f-a20b621ee23f', 'Магистърска степен', 'Планиране и управление на териториални системи', 8, 'ПНАМ'),
('1b6c18ab-e17c-47f0-bd89-c2db804730be', 'Магистърска степен', 'Регионална сигурност', 8, 'РСМ'),
('a64ae569-e9a0-48d2-a72c-bd0f8c5d94dd', 'Магистърска степен', 'Управление на човешките ресурси', 8, 'УНКМ'),
('ef98db8e-f7dc-4706-93d5-fc72aff3f109', 'Магистърска степен', 'Учител по география в средното училище', 8, 'УВНМ'),
('f4265c96-125d-496c-a4ba-a603e97871c3', 'Магистърска степен', 'Педагогика на обучението по география и история', 8, 'ПОГИМ'),
('38d3160a-d89a-4c28-a597-ec9d319879c7', 'Бакалавърска степен', 'Физика', 4, 'ФИБ'),
('9a347312-55b9-4f54-8a7f-a22b0030563b', 'Бакалавърска степен', 'Ядрена техника и ядрена енергетика', 4, 'ЯИАБ'),
('e9b4f54c-0b50-4728-b47c-f95838711617', 'Бакалавърска степен', 'Nuclear & Particle Physics', 4, 'НПФБ'),
('ce51829e-c0bc-43ca-97e8-5a6478e08881', 'Бакалавърска степен', 'Инженерна физика', 4, 'ИФБ'),
('895d6440-d9d7-4a1d-bb2c-5fce54cab06e', 'Бакалавърска степен', 'Астрофизика, метеорология и геофизика', 4, 'АМ Б'),
('f87e72d8-5dc3-417e-93f3-d15e88ec136f', 'Бакалавърска степен', 'Медицинска физика', 4, 'МФБ'),
('3e6d0b10-06b4-4aba-b45b-c8402ff88a9a', 'Бакалавърска степен', 'Квантова и космическа теоретична физика', 4, 'ККТБ'),
('2b5cc67f-4821-4f7f-b8f3-7e6a77e4dd53', 'Бакалавърска степен', 'Фотоника и лазерна физика', 4, 'ФИЗБ'),
('1f41c854-80d4-4945-8e9f-c35104d0f7da', 'Бакалавърска степен', 'Оптометрия', 4, 'ОПБ'),
('8a7b0cd1-cafa-4dbc-8e89-d132d7d2670d', 'Бакалавърска степен', 'Комуникации и физична електроника', 4, 'КИБ'),
('40a8c7bc-b8b8-4513-bffb-781db229f29a', 'Бакалавърска степен', 'Компютърно инженерство', 4, 'КИБ'),
('7952aa14-0e82-49e3-a4c7-2cfbdf06d892', 'Бакалавърска степен', 'Учител по природни науки в основната степен на образование', 4, 'УСБ'),
('cff75938-0852-40a5-b911-a4e9ceb54aac', 'Бакалавърска степен', 'Физика и информатика', 4, 'ФИБ'),
('d53a55d2-0edd-4abe-b4fc-6b112d574ca4', 'Бакалавърска степен', 'Физика и математика', 4, 'ФМБ'),
('8ab0f373-c21e-4461-996f-23b90916cf29', 'Магистърска степен', 'Микроелектроника и информационни технологии', 8, 'МИИМ'),
('468d4514-4ca7-40f4-b187-7a02c4fb7c77', 'Магистърска степен', 'Теоретична и математическа физика', 8, 'ТИЧМ'),
('e22dea34-b997-4b7f-a1f5-32f6a3d1ffec', 'Магистърска степен', 'Квантова електроника и лазерна техника', 8, 'КИЕМ'),
('8db6cc93-ccac-48e6-bd29-d5cbb2496c57', 'Магистърска степен', 'Квантова информатика', 8, 'КИМ'),
('90580218-b42e-401e-87ec-bd87801a0039', 'Магистърска степен', 'Медицинска физика', 8, 'МФМ'),
('f8e2f95d-b2ff-475a-bbab-63c09d3db959', 'Магистърска степен', 'Medical physics', 8, 'MPМ'),
('cb73fde6-4abe-4195-ad85-f806f51c2b10', 'Магистърска степен', 'Оптометрия', 8, 'ОПМ'),
('3123a22b-19ea-46c3-b25f-487463aae322', 'Магистърска степен', 'Оптика и спектроскопия', 8, 'ОСМ'),
('314d8dca-4921-4bcd-b78b-a42f4b8862cf', 'Магистърска степен', 'Плазмени технологии и термоядрен синтез', 8, 'ПТМ'),
('f3b59b33-864f-4b4a-886f-ad28a11474f2', 'Магистърска степен', 'Plasma Technology and Thermo-nuclear Fusion', 8, 'ПТНФМ'),
('d3a2fbd1-b404-453f-bda1-bf45ca820f9d', 'Магистърска степен', 'Физика на ядрото и елементарните частици', 8, 'ФИНМ'),
('df151779-40cb-4497-85b9-623a9e15b1fd', 'Магистърска степен', 'Nuclear and particle physics', 8, 'NAIМ'),
('f8db273c-ae54-4d05-8fc8-f99bca885b82', 'Магистърска степен', 'Геофизика', 8, 'ГЕМ'),
('422e0787-3105-470c-b779-47f463a027b7', 'Магистърска степен', 'Метеорология', 8, 'МЕМ'),
('2d978a67-9240-47c5-ba6a-8b6e2bb68833', 'Магистърска степен', 'Физика на Земята, атмосферата и океана', 8, 'ФЗААМ'),
('fa548a11-2cad-4d6c-a421-7cb3d18171ac', 'Магистърска степен', 'Астрономия и астрофизика', 8, 'ААМ'),
('6b677fdd-acb2-4347-a9f5-93285c669000', 'Магистърска степен', 'Астрономия и популяризация на астрономията', 8, 'АПАМ'),
('31bd3f11-deda-4f53-9a8e-e32ba4bbb7cb', 'Магистърска степен', 'Ядрена енергетика и технологии', 8, 'ЯЕИМ'),
('a5ac4ed9-6d88-4a86-a3d0-1c5df6bc58fb', 'Магистърска степен', 'Аерокосмическо инженерство и комуникации', 8, 'АИМ'),
('466d1167-8d29-4820-8dbe-1d14b96214d5', 'Магистърска степен', 'Aerospace Engineering and Communications', 8, 'AECМ'),
('fef3c73a-14b1-4e59-91d5-e9eeb668e730', 'Магистърска степен', 'Безжични мрежи и устройства', 8, 'БМИМ'),
('61b10d1d-d62f-4c20-aa3c-531d633bb403', 'Магистърска степен', 'Комуникации и физична електроника', 8, 'КИМ'),
('86ac9bda-b720-4421-a3c4-805103dd3395', 'Магистърска степен', 'Методология на обучението по физика и астрономия', 8, 'МОФАМ'),
('6c992ce1-8954-4874-8d94-ccf1cdacf983', 'Бакалавърска степен', 'Журналистика', 4, 'ЖУБ'),
('0aa90d0b-d510-4291-b387-8e345101dabf', 'Бакалавърска степен', 'Връзки с обществеността', 4, 'ВОБ'),
('4f48ecb2-afe0-4ec3-93e7-104696fd4ade', 'Бакалавърска степен', 'Книгоиздаване', 4, 'КНБ'),
('7dee06f3-16a0-4858-b93e-2a141e5bd765', 'Бакалавърска степен', 'Комуникационен мениджмънт', 4, 'КМБ'),
('3c2b03b6-d152-4e81-83cd-74233d8caf68', 'Магистърска степен', 'Digital media and communication (in english)', 8, 'DМ'),
('5f801c9f-44e9-4960-a3fd-9ca2b523c4a4', 'Магистърска степен', 'Професионален копирайтинг', 8, 'ПКМ'),
('c22daee8-e8c8-4d16-975c-9d7152ab81b9', 'Магистърска степен', 'Журналистика и медии', 8, 'ЖММ'),
('32f79013-4dad-43d9-a833-4aa8d48ffb1b', 'Магистърска степен', 'Медиен дизайн', 8, 'МДМ'),
('85ce0fca-1632-4e24-bc0c-e07790ed98d7', 'Магистърска степен', 'Продуцентство и креативна индустрия', 8, 'ПИНМ'),
('66f2980e-1510-4008-97bb-6afc4304a570', 'Магистърска степен', 'Международна журналистика', 8, 'МЖМ'),
('472ca679-9c91-4c3d-8219-a10737557c11', 'Магистърска степен', 'Вътрешнополитическа журналистика', 8, 'ВЖМ'),
('2792a2a2-762f-4e1a-8e0d-83b536b324cf', 'Магистърска степен', 'Дигитални медии и видеоигри', 8, 'ДМ М'),
('a0ab06f4-1d9f-4101-bdb6-a71b894f9372', 'Магистърска степен', 'Връзки с обществеността', 8, 'ВОМ'),
('a3fe3b30-f175-4227-8b0e-6427942bd3fa', 'Магистърска степен', 'Спортна журналистика', 8, 'СЖМ'),
('fffb1c62-02e3-4e46-8db6-210607bbaf2c', 'Магистърска степен', 'Реклама и публична комуникация', 8, 'РИМ'),
('3e1a47a9-7bd2-4cad-a90d-2dd671ce5167', 'Магистърска степен', 'Традиционно и дигитално публикуване', 8, 'ТИМ'),
('ec176579-d884-4b76-a2e1-07b25fe00819', 'Магистърска степен', 'Лайфстайл журналистика', 8, 'ЛЖМ'),
('43cf6776-e80b-4cf0-9cf0-f35eab75afdd', 'Магистърска степен', 'Онлайн журналистика и медии', 8, 'ОЖТМ'),
('a0928efb-6cb0-47cd-85f4-408de9c25cfc', 'Бакалавърска степен', 'Класическа филология', 4, 'КФБ'),
('85ce6e7f-edc7-4b31-b060-d577e0146023', 'Бакалавърска степен', 'Новогръцка филология', 4, 'НФБ'),
('5222fe45-ef11-460f-916a-4216ccb49aba', 'Бакалавърска степен', 'Унгарска филология', 4, 'УФБ'),
('cea7aa7d-6ae6-4951-87f3-bf5d1a3999dc', 'Бакалавърска степен', 'Френска филология', 4, 'ФФБ'),
('11ae6bf1-d48e-4c9a-ade8-e1cc83d020d3', 'Бакалавърска степен', 'Италианска филология', 4, 'ИФБ'),
('92ce5205-0a13-4925-a632-8e128d0a6b78', 'Бакалавърска степен', 'Румънска филология', 4, 'РФБ'),
('04344d93-8555-40e6-a4e8-2a4dd385246a', 'Бакалавърска степен', 'Немска филология', 4, 'НФБ'),
('6a962815-eedc-40ea-b96d-46acfd481c79', 'Бакалавърска степен', 'Скандинавистика', 4, 'СКБ'),
('41eced0f-7fc3-459a-b061-53078e0e4efc', 'Бакалавърска степен', 'Английска филология', 4, 'АФБ'),
('0d1ef5e4-9ebf-47ed-8885-283380c68ab8', 'Бакалавърска степен', 'Испанска филология', 4, 'ИФБ'),
('57d23de9-7146-4a02-afcc-b8f7f4aaf72c', 'Бакалавърска степен', 'Португалска филология', 4, 'ПФБ'),
('9cd61848-7726-44be-b25b-d089296d4df2', 'Бакалавърска степен', 'Европейски съюз и европейска интеграция', 4, 'ЕСЕИБ'),
('895a8fa3-ae57-4223-bc2a-b4f6fc3abf64', 'Бакалавърска степен', 'Африканистика', 4, 'АФБ'),
('7740379e-28d4-4588-b4f4-0f01315adf67', 'Бакалавърска степен', 'Арабистика', 4, 'АРБ'),
('67b57fc7-5f78-419d-b473-e0fc65814fa6', 'Бакалавърска степен', 'Китаистика', 4, 'КИБ'),
('0a4f0787-4407-4eea-96e3-894d4b196aae', 'Бакалавърска степен', 'Японистика', 4, 'ЯПБ'),
('ee9f03fd-f1bb-4149-a5fd-121e65f2a800', 'Бакалавърска степен', 'Кореистика', 4, 'КОБ'),
('1ecd31c5-b593-44a9-a6d3-ee2c14e40fa9', 'Бакалавърска степен', 'Арменистика и кавказология', 4, 'АКБ'),
('3fd4fed0-7907-4461-a9c5-0bca81ae50ff', 'Бакалавърска степен', 'Индология', 4, 'ИНБ'),
('5fa65540-a6e2-4c0c-91cb-dcf58362334f', 'Бакалавърска степен', 'Иранистика', 4, 'ИРБ'),
('22b931ce-f302-4975-a9d5-6fd83d5a7788', 'Бакалавърска степен', 'Тюркология', 4, 'ТЮБ'),
('8ac52a44-3ece-481d-995a-01931261a927', 'Бакалавърска степен', 'Южна, Източна и Югоизточна Азия', 4, 'ЮИЮАБ'),
('ad266f4c-eed2-4f31-99ba-0eb2d59fd23c', 'Магистърска степен', 'Дигитални компетентности в чуждоезиковото обучение', 8, 'ДВОМ'),
('522b12b5-d8f1-48e7-be69-afbe3e062ff0', 'Магистърска степен', 'Класически езици и антична литература', 8, 'КИАМ'),
('66d24b38-f1ef-4486-b199-a25c0d46e9a1', 'Магистърска степен', 'Култура на Унгария и превод', 8, 'КУПМ'),
('c84ea7c0-58ae-4cfa-95ce-3ffbcd110b23', 'Магистърска степен', 'Превод', 8, 'ПРМ'),
('1811ffff-9016-479f-801a-e73b2a0fa3e4', 'Магистърска степен', 'Франкофония, многоезичие и междукултурна медиация', 8, 'ФИРМ'),
('b923ba73-4df3-46f3-a65c-ae987a21abcc', 'Магистърска степен', 'Конферентен превод', 8, 'КПМ'),
('49ef074c-800d-43e3-91ba-b24f10225150', 'Магистърска степен', 'Език, култура, превод', 8, 'ЕПМ'),
('1c500864-6729-4699-b559-657bda712f06', 'Магистърска степен', 'Нордистика', 8, 'НОМ'),
('fb2cd69f-2a10-4759-9415-5d58ef2e3e34', 'Магистърска степен', 'Чужд език, литература, медии', 8, 'ЧЕАМ'),
('4e473922-9252-4c21-90d3-da488bd9dd96', 'Магистърска степен', 'Комуникация: език, литература, медии', 8, 'КЕАМ'),
('b671a3ce-033a-4da0-a2ad-8b6641260568', 'Магистърска степен', 'Език и култура', 8, 'ЕКМ'),
('89875325-a979-4182-bc0b-1716eaf56c92', 'Магистърска степен', 'Приложна лингвистика', 8, 'ПЛМ'),
('fb21cb7d-7bc4-4bdd-9233-011a514402a7', 'Магистърска степен', 'Език, култура, превод (португалски език)', 8, 'ЕКПМ'),
('7e4383a3-e890-4a15-8c4a-3d62489e1088', 'Магистърска степен', 'Семиотика, език и реклама', 8, 'СЕИМ'),
('31840ab4-4051-4e7b-b4a4-9a9bbbbf1ac3', 'Магистърска степен', 'Методика на чуждоезиковото обучение', 8, 'МНОМ'),
('d5a55ada-32f6-4718-a5ab-67f9ba5a69aa', 'Магистърска степен', 'Близкоизточни изследвания с арабски език', 8, 'БСАМ'),
('3bfab893-8940-48e5-b3ae-757173771c5f', 'Магистърска степен', 'Междукултурна комуникация и превод с китайски и български език', 8, 'МКПКБМ'),
('d0fc4e66-09e6-497c-a488-68f60508e11d', 'Магистърска степен', 'Японски език и култура', 8, 'ЯЕИМ'),
('6da4d9da-647f-420a-8d2a-68477eb8113a', 'Магистърска степен', 'Японистика: Общество и култура', 8, 'ЯОКМ'),
('4d7d7256-0497-4e11-a84e-a1f424ae1597', 'Магистърска степен', 'Общество и култура на Корея', 8, 'КОКМ'),
('ba375ca7-ed6d-4ac6-9746-bbdf17b8fc4d', 'Магистърска степен', 'Индийско и иранско културознание и обществознание', 8, 'ИКОБЩМ'),
('2dc1ccb0-98c9-49e2-9fc4-a0e2accc4aa7', 'Магистърска степен', 'Южна, Източна и Югоизточна Азия', 8, 'ЮИЮИМ'),
('a60cb5c5-a82a-4e22-b757-9d984cf69b88', 'Магистърска степен', 'Културни връзки и геополитика на Европейския съюз', 8, 'КВГЕСМ'),
('76df2ef7-33f0-4bec-babd-5c1911b2602e', 'Магистърска степен', 'Европа и Азия: Културна дипломация и геополитика на Европейския съюз', 8, 'ЕАМ'),
('2fc463fa-f8da-471d-8b39-10be221a3612', 'Магистърска степен', 'Будизъм: езици, литератури и култури', 8, 'БЛРМ'),
('c5f6786e-1d13-48c5-839c-e87ea806d47d', 'Бакалавърска степен', 'Предучилищна педагогика и чужд език', 4, 'ПИ Б'),
('427ae5b1-d50f-4eab-8d68-84df82d790c8', 'Бакалавърска степен', 'Предучилищна и начална училищна педагогика', 4, 'ПНАБ'),
('7f360176-3871-4865-85b0-75702e12064c', 'Бакалавърска степен', 'Медийна педагогика и художествената комуникация', 4, 'МПХКБ'),
('140ad4c6-cb5d-4d31-bc43-aa2a58930646', 'Бакалавърска степен', 'Media Pedagogy and Artistic Communication', 4, 'МПАКБ'),
('9b6e7e95-30b0-4efa-974d-2951d5750289', 'Бакалавърска степен', 'Начална училищна педагогика и чужд език', 4, 'НИ Б'),
('019e0678-7ab4-4319-88ae-18c51698cc45', 'Бакалавърска степен', 'Социална педагогика', 4, 'СПБ'),
('101ae934-1317-4b22-85dd-23d5844693bd', 'Бакалавърска степен', 'Специална педагогика', 4, 'СПБ'),
('9278d1b4-f0ca-4c10-8431-b81974d29837', 'Бакалавърска степен', 'Логопедия', 4, 'ЛОБ'),
('beb9a0c4-ff49-45ed-8152-8672db1326a0', 'Бакалавърска степен', 'Физическо възпитание и спорт', 4, 'ФВАБ'),
('fcedb11f-5618-4129-bf6a-30053fb7a948', 'Бакалавърска степен', 'Изобразително изкуство', 4, 'ИИБ'),
('3922481f-4aa0-4942-8ad1-841fc2fdc18d', 'Бакалавърска степен', 'Графичен дизайн', 4, 'ГДБ'),
('bfe7ffe9-d87d-4f5f-b832-c9c1e7e29872', 'Бакалавърска степен', 'Музика', 4, 'МУБ'),
('f9d76d78-8fba-465b-9c21-b2eac82abaf6', 'Бакалавърска степен', 'Музикални медийни технологии и тонрежисура', 4, 'МТБ'),
('51318a0a-6773-4f26-920e-0aa6bb43d023', 'Магистърска степен', 'Логопедия', 8, 'ЛОМ'),
('609e3481-015b-4f9e-9221-86f9a385e9e4', 'Магистърска степен', 'Изобразително изкуство', 8, 'ИИМ'),
('7e46e7ae-0f4c-4755-97bf-ecedff13c14b', 'Магистърска степен', 'Музика', 8, 'МУМ'),
('efd9b3df-4f35-41eb-8fc6-ca70e699eec8', 'Магистърска степен', 'Предучилищна и начална училищна педагогика', 8, 'ПНАМ'),
('4242ede8-d094-4c3f-b7d5-feb69dc0d4c0', 'Магистърска степен', 'Социална педагогика', 8, 'СПМ'),
('c905e210-ef13-453d-83e4-754f2923f703', 'Магистърска степен', 'Специална педагогика', 8, 'СПМ'),
('938ed7be-ea14-4e21-83d6-9551049ef0ae', 'Магистърска степен', 'Физическо възпитание и спорт', 8, 'ФВАМ'),
('c49c79d1-1220-4fde-8763-d5635e073793', 'Магистърска степен', 'Графичен дизайн', 8, 'ГДМ'),
('797f48dd-ab6b-412b-931e-c651fd7fa878', 'Магистърска степен', 'ОНИВ', 8, 'ОНИВМ'),
('0410ca7c-1542-4fc7-8108-753b1630e1e3', 'Магистърска степен', 'Музикални медийни технологии и тонрежисура', 8, 'МТМ'),
('d1219d74-133b-428b-9576-448b120787b5', 'Бакалавърска степен', 'Педагогика', 4, 'ПЕБ'),
('5eb2d059-79c5-4c1c-91e9-4ba1b24775b9', 'Бакалавърска степен', 'Социални дейности', 4, 'СДБ'),
('d5daa7b1-7b01-48e2-a024-e078d22d8444', 'Бакалавърска степен', 'Неформално образование', 4, 'НОБ'),
('425c49cc-ca03-42d9-be49-93152028bcdb', 'Магистърска степен', 'Теория и управление на образованието', 8, 'ТУОБМ'),
('60bb717e-7dd4-41b0-9d12-7537135b82b0', 'Магистърска степен', 'Педагогика', 8, 'ПЕМ'),
('dca113ed-1370-451f-ab93-d395d5bc694a', 'Магистърска степен', 'Социални дейности', 8, 'СДМ'),
('afb0452b-4c36-4a97-9700-58d75a8490f2', 'Магистърска степен', 'Междуфакултетска магистърска програма', 8, 'МПМ'),
('ee79153e-2623-4ac2-a5b3-e9c673aba5f0', 'Магистърска степен', 'MA programs in English Language Teaching', 8, 'MAЕМ'),
('a3aa46d0-a881-4ac4-ab2c-e805a53fdb75', 'Бакалавърска степен', 'Философия', 4, 'ФИБ'),
('f083bb95-9570-4fa6-b79f-07ef2426fce1', 'Бакалавърска степен', 'Философия (на английски език)', 4, 'ФБ'),
('f6bad524-143c-49d6-861b-f99578094a2a', 'Бакалавърска степен', 'Психология', 4, 'ПСБ'),
('f83cc4c3-291a-4c63-b788-a2052b1cacde', 'Бакалавърска степен', 'Социология', 4, 'СОБ'),
('ab9d4bb5-d6a3-43c9-b048-b706ca33767e', 'Бакалавърска степен', 'Политология', 4, 'ПОБ'),
('91d8d6db-5e60-4885-a49e-2735921aa58b', 'Бакалавърска степен', 'Културология', 4, 'КУБ'),
('77580581-c1cb-4dd6-885f-f55157184d71', 'Бакалавърска степен', 'Библиотечно-информационни науки', 4, 'БНБ'),
('5f8733d9-66bb-4b2e-a576-6e4ef9cf14d4', 'Бакалавърска степен', 'Публични информационни системи', 4, 'ПСБ'),
('6a53067b-8b15-405a-b19e-3c1c8ce44954', 'Бакалавърска степен', 'Публична администрация', 4, 'ПАБ'),
('580e43ec-9f53-475b-84f9-62be6dbefa9e', 'Бакалавърска степен', 'Европеистика', 4, 'ЕВБ'),
('5726c2a8-fed6-415f-9cd8-4e5fffe1e238', 'Магистърска степен', 'История и съвременност на философията', 8, 'ИСМ'),
('029bdcc3-3a5f-4e94-a6ad-d71e42ee1fda', 'Магистърска степен', 'Философия', 8, 'ФИМ'),
('b6644b97-0dd6-4439-84c7-54b4652c698f', 'Магистърска степен', 'Философия с преподаване на английски език', 8, 'ФНГМ'),
('bac6a22c-a883-477e-9ac5-85bf8d64c021', 'Магистърска степен', 'Философия на съзнанието и езика', 8, 'ФСИМ'),
('347f3663-5979-4334-b179-e07680c7b49d', 'Магистърска степен', 'Виртуална култура', 8, 'ВКМ'),
('3128a9dc-3eec-40ae-91cd-b0f6ccc344a2', 'Магистърска степен', 'Интегративна биоетика', 8, 'ИБМ'),
('d612181d-2bb9-47b3-8c2b-9e5474a6c969', 'Магистърска степен', 'Философска антропология', 8, 'ФАМ'),
('033285c6-7e2c-496a-90d9-9f7455230833', 'Магистърска степен', 'Философия за средните училища', 8, 'ФЗНМ'),
('73bb71cb-bcd0-4e24-99bf-52773b9a1b2a', 'Магистърска степен', 'Реторика', 8, 'РЕМ'),
('a0006446-6953-4df6-8923-f5860015ff19', 'Магистърска степен', 'Международни отношения и проблеми на сигурността', 8, 'МПМ'),
('3714c7a9-e10d-4f53-8800-38b140fc89e3', 'Магистърска степен', 'Политически мениджмънт и консултиране', 8, 'ПМКМ'),
('54ce9e08-313b-4315-a300-40c2bab1e7dd', 'Магистърска степен', 'Политически патологии на глобалния свят (на английски език)', 8, 'ПМ'),
('74b44a91-7e27-43ac-828f-7cad8975f968', 'Магистърска степен', 'Европейска интеграция и дипломация на ЕС', 8, 'ЕИДЕСМ'),
('413f3b02-0b36-44ae-83ce-ffe196124700', 'Магистърска степен', 'E-Европа', 8, 'E-ЕВМ'),
('5dfc3df0-6d8c-406d-a86e-53b68212e401', 'Магистърска степен', 'Европейски проекти', 8, 'ЕПМ'),
('d6b32ecd-5520-469a-a604-25c7f198810f', 'Магистърска степен', 'Политика и интеграционни политики на ЕС (на английски език)', 8, 'ПЕСМ'),
('52a9825a-588c-4568-bd2a-b3fa577e4c97', 'Магистърска степен', 'Публична администрация', 8, 'ПАМ'),
('f200dcc2-bb1d-4caf-b5d5-899626507633', 'Магистърска степен', 'Европейска публична администрация', 8, 'ЕАМ'),
('d607ff99-793d-4494-b8a9-74247b24efd3', 'Магистърска степен', 'Публичeн мениджмънт и политики', 8, 'ПМТМ'),
('22b98eae-31cf-453e-a390-ea29ac4b0c6d', 'Магистърска степен', 'Public Administration (in English)', 8, 'PAEМ'),
('68781e7f-8c99-4969-b4ee-1de8b118fd9b', 'Магистърска степен', 'Оценка на политики и оценка на въздействие', 8, 'ООМ'),
('f1c9db7b-e568-44b6-a1f6-5d8f4d53717f', 'Магистърска степен', 'Трудови пазари и развитие на човешките ресурси', 8, 'ТНКМ'),
('b51b96f8-6c86-4859-962e-c8c67b98a01a', 'Магистърска степен', 'Политическа социология', 8, 'ПСМ'),
('ec4a5897-3e1c-4bc6-8b09-a7bf11aca07c', 'Магистърска степен', 'Детско-юношеска и училищна психология за бакалаври по психология', 8, 'ДБОМ'),
('67b5caa3-4a13-484a-9207-baa954b0315d', 'Магистърска степен', 'Детско-юношеска и училищна психология за бакалаври с хуманитарна специалност', 8, 'ДСМ'),
('3a2f0bc0-22ea-437d-9ccc-125470dfc2b0', 'Магистърска степен', 'Клинична психология', 8, 'КПМ'),
('ae4947dc-3f40-4480-a929-4d12a08c25d0', 'Магистърска степен', 'Организационно поведение и консултиране на организацията', 8, 'ОКОРМ'),
('bec34b0a-604f-4213-8a39-a786b6d0069e', 'Магистърска степен', 'Трудова и организационна психология за бакалаври по психология', 8, 'ТБОМ'),
('3a3c7e60-30ad-40d1-b0e1-892651f1a4c0', 'Магистърска степен', 'Трудова и организационна психология за бакалаври от други специалности', 8, 'ТОСМ'),
('f5d49372-4bb9-47ce-b3c8-ab6f02653c58', 'Магистърска степен', 'Обща психология на английски език', 8, 'ОНГМ'),
('17dc3a36-a034-44e6-8007-f62eb2ff0951', 'Магистърска степен', 'Организационна психология и кроскултурен мениджмънт (на английски език)', 8, 'ОПКМАМ'),
('77db852f-fcf2-44ad-af1d-dd9a3a8a8a86', 'Магистърска степен', 'Трудови пазари и развитие на човешките ресурси', 8, 'ТНКМ'),
('baad3599-06cd-4e8f-958f-360387a893db', 'Магистърска степен', 'Политическа социология', 8, 'ПСМ'),
('2705709e-d3f1-40d4-87c5-4df3cdbf5682', 'Магистърска степен', 'Библиотечно-информационни науки и културна политика', 8, 'БИРМ'),
('73e91d0c-eb62-4ff0-9588-df1ee84b18dd', 'Магистърска степен', 'Библиотечно-информационни технологии', 8, 'БТМ'),
('ac9dcd44-7410-42e1-a9dd-dabd0488335f', 'Магистърска степен', 'Управление на електронно съдържание', 8, 'УНОМ'),
('1abc389c-6fa1-487b-9026-7b08923f328c', 'Магистърска степен', 'История на книгата и четенето', 8, 'ИКАМ'),
('73c95e11-d420-4621-8eac-13afaa7c1752', 'Магистърска степен', 'Културни изследвания в регионален контекст на английски език', 8, 'КНГМ'),
('8d2b4e8f-f1b4-4742-b771-66cb7481923b', 'Магистърска степен', 'Културна антропология', 8, 'КАМ'),
('4543dc53-4fd6-4a57-a2d5-b886a8e7b80e', 'Магистърска степен', 'Медии, комуникация, култура', 8, 'МКМ'),
('d2d623d5-939f-4c48-85e1-804efda251c7', 'Магистърска степен', 'Изкуства и съвременност (ХХ и ХХI век)', 8, 'ИХХМ'),
('8c6e0bfb-b09a-4fa5-a164-9479d6b7b037', 'Магистърска степен', 'Мениджмънт и социализация на културното наследство', 8, 'МНОМ'),
('c1b8f7b8-ce32-4de2-b166-cc7082aa4ee9', 'Магистърска степен', 'История на жените и половете (на английски език)', 8, 'ИМ'),
('b5a83c5a-6361-42a0-8840-4fa1450b5c93', 'Бакалавърска степен', 'Икономикa и финанси', 4, 'ИФБ'),
('4db12c5a-988c-4b9b-8a02-8ebe023b6d51', 'Бакалавърска степен', 'Стопанско управление ', 4, 'СУБ'),
('49e84786-fd54-4986-b9b5-f258231dc2cf', 'Бакалавърска степен', 'Счетоводство, финанси и дигитални приложения с обучение на английски език ', 4, 'СФДПАБ'),
('12c848e9-cec9-4385-9a38-ea7899771b45', 'Магистърска степен', 'Икономикa и финанси', 8, 'ИФМ'),
('916d3189-1bcb-4500-a114-b9ce8747e13c', 'Магистърска степен', 'Стопанско управление ', 8, 'СУМ'),
('7aab42e2-9a8a-4eef-9c5d-f57c9ed423fc', 'Магистърска степен', 'Счетоводство, финанси и дигитални приложения с обучение на английски език', 8, 'СФДПАМ'),
('d7a0b19e-d332-4f70-958c-5d6d4ac65f66', 'Бакалавърска степен', 'Медицинска сестра', 4, 'МСБ'),
('14f7e99b-5635-46f8-8d3f-e309642f47f2', 'Бакалавърска степен', 'Медицинска рехабилитация и ерготерапия ', 4, 'МРЕБ'),
('59c5d9b0-44cc-4b36-a1c6-c03c5493a81d', 'Магистърска степен', 'Медицина ', 8, 'МДМ'),
('f6b71e79-0643-4850-9094-fc1f566b88a2', 'Магистърска степен', 'Медицина – преподаване на английски език', 8, 'МДАМ');

INSERT INTO [FacultySpeciality] ([SpecialityId], [FacultyId]) VALUES
('51f1bbca-adf8-4607-adb0-8f571d4801a5', '982f7d6f-83d8-4ab4-92b0-03c29fb4ef29'),
('a59014a2-5045-49a4-b447-791758d20f12', '982f7d6f-83d8-4ab4-92b0-03c29fb4ef29'),
('07b934a3-86d1-4af3-88bc-11d5fb76980f', '982f7d6f-83d8-4ab4-92b0-03c29fb4ef29'),
('527cd016-8620-41ed-a536-0532f67c52be', '982f7d6f-83d8-4ab4-92b0-03c29fb4ef29'),
('0cd936f7-9496-484e-b7c0-140ac6016eb4', '982f7d6f-83d8-4ab4-92b0-03c29fb4ef29'),
('fd745da4-173d-44bb-b741-121afb63bed7', '982f7d6f-83d8-4ab4-92b0-03c29fb4ef29'),
('bf15e7de-47d8-4c66-816c-5177579854f2', '982f7d6f-83d8-4ab4-92b0-03c29fb4ef29'),
('70eb2e5d-d148-4f1e-ba00-6fb72d1a5127', '982f7d6f-83d8-4ab4-92b0-03c29fb4ef29'),
('5fd4b556-842d-4db0-8f93-33cdbe4fd34d', '982f7d6f-83d8-4ab4-92b0-03c29fb4ef29'),
('4e368f2f-5551-4031-81de-59bc43c591ca', '982f7d6f-83d8-4ab4-92b0-03c29fb4ef29'),
('59a3aaab-e165-4996-a659-d5e3dc732365', '982f7d6f-83d8-4ab4-92b0-03c29fb4ef29'),
('b2fc2692-2f15-46f3-b6b2-49d7f1b11131', '982f7d6f-83d8-4ab4-92b0-03c29fb4ef29'),
('1be45aa4-d8e6-4f7c-aed9-55b1887209c2', '982f7d6f-83d8-4ab4-92b0-03c29fb4ef29'),
('900c020d-0900-42a3-81d0-6708b88f80d6', '982f7d6f-83d8-4ab4-92b0-03c29fb4ef29'),
('d54cee21-6207-4f8d-ae0b-14734de1ff7e', '982f7d6f-83d8-4ab4-92b0-03c29fb4ef29'),
('a835862f-5963-42d2-991a-905b9fd0d01b', '982f7d6f-83d8-4ab4-92b0-03c29fb4ef29'),
('55608870-89ef-4fb8-9d72-25a1865916ce', '982f7d6f-83d8-4ab4-92b0-03c29fb4ef29'),
('b38e6c89-a313-4f8e-9d82-742fffb58d9f', '982f7d6f-83d8-4ab4-92b0-03c29fb4ef29'),
('022c74e3-a2aa-4676-a932-91da865c32b6', '982f7d6f-83d8-4ab4-92b0-03c29fb4ef29'),
('106d20d5-7cbe-4da4-88c5-343fbf5439f2', '982f7d6f-83d8-4ab4-92b0-03c29fb4ef29'),
('1b8d2db6-f8eb-438a-b818-42164c206ca7', '982f7d6f-83d8-4ab4-92b0-03c29fb4ef29'),
('dee16a9a-b052-47f5-8059-05625033daeb', '982f7d6f-83d8-4ab4-92b0-03c29fb4ef29'),
('f8779159-3f09-4fee-b01e-ef44f7dfef57', '7e613100-c9a8-40bb-9211-a48b30f30014'),
('b22c8791-db88-4673-8079-5b7fb85849e7', '7e613100-c9a8-40bb-9211-a48b30f30014'),
('e5b10547-cc4a-404a-bdf5-d5df179bbce6', '7e613100-c9a8-40bb-9211-a48b30f30014'),
('d219c859-077e-4d54-b308-fd79a17d1161', '7e613100-c9a8-40bb-9211-a48b30f30014'),
('92c8ae70-3355-4a27-b07e-be3ff006ea71', '7e613100-c9a8-40bb-9211-a48b30f30014'),
('092f4321-19a0-4cea-9d26-1e63af2b2064', '7e613100-c9a8-40bb-9211-a48b30f30014'),
('bd041050-4bb9-4d4c-8b5d-6033a7e7515f', '7e613100-c9a8-40bb-9211-a48b30f30014'),
('399698b7-6d9e-4cad-a917-64476f575d98', '7e613100-c9a8-40bb-9211-a48b30f30014'),
('cd5091d5-149b-4b57-9e3e-e4972db76a81', '7e613100-c9a8-40bb-9211-a48b30f30014'),
('2737beb3-755f-476f-b85d-013e9a7b1ba0', '3dd2a288-6904-48de-9024-66d0593fda9d'),
('34029faf-ba8b-46f8-9390-c9d741c8b140', '3dd2a288-6904-48de-9024-66d0593fda9d'),
('21a9301a-7d60-4228-aefd-d5767f5ff076', '3dd2a288-6904-48de-9024-66d0593fda9d'),
('e958b100-2446-475e-977a-ccb1331eeee2', '3dd2a288-6904-48de-9024-66d0593fda9d'),
('5c04a681-a66a-462e-80d3-bb510a46641c', '3dd2a288-6904-48de-9024-66d0593fda9d'),
('8297d1b9-48be-46ec-b9a7-795cb5e010db', '3dd2a288-6904-48de-9024-66d0593fda9d'),
('1fde6cc4-af43-4267-a30c-8c5c19a9c477', '3dd2a288-6904-48de-9024-66d0593fda9d'),
('2e45fe90-d79a-4ddd-b434-52dbf07d5016', '3dd2a288-6904-48de-9024-66d0593fda9d'),
('1ee86183-c149-4cfa-b8d3-ecd974bf813d', '3dd2a288-6904-48de-9024-66d0593fda9d'),
('e47b3ed0-06fc-4624-bfd5-6c3281ea8fc2', '3dd2a288-6904-48de-9024-66d0593fda9d'),
('9d14974e-1fba-499e-889f-0fc585c907fd', '621f8037-2997-4117-9714-d42cd6d315ba'),
('d58a65b4-8b92-4266-ad7d-f7ae0c73e612', '621f8037-2997-4117-9714-d42cd6d315ba'),
('3310cd52-d2b8-4083-90e1-4c33990d7e21', '621f8037-2997-4117-9714-d42cd6d315ba'),
('b75d3077-6aea-45df-82a5-d92e23b0e1e2', '621f8037-2997-4117-9714-d42cd6d315ba'),
('d5e9fc7f-474d-45a8-a819-2d0603745392', '621f8037-2997-4117-9714-d42cd6d315ba'),
('15ca9def-3fec-4747-9548-29a69ad5b674', '621f8037-2997-4117-9714-d42cd6d315ba'),
('3b774227-6b42-4f19-97fd-beeb53f26608', '621f8037-2997-4117-9714-d42cd6d315ba'),
('470f5165-fcd9-4711-a593-8044b97e30d5', '621f8037-2997-4117-9714-d42cd6d315ba'),
('8f867103-766e-450f-9b51-d1efac65c82f', '621f8037-2997-4117-9714-d42cd6d315ba'),
('931d3a64-defd-4946-a27d-ea0477ebde11', '621f8037-2997-4117-9714-d42cd6d315ba'),
('2bb0112b-ed96-457d-bba2-21ef6440e31c', '621f8037-2997-4117-9714-d42cd6d315ba'),
('127ba714-1048-4cd7-86fa-ca66d17afbfd', '621f8037-2997-4117-9714-d42cd6d315ba'),
('5fe020a5-eb6e-477a-8a19-2d319e3d3053', '621f8037-2997-4117-9714-d42cd6d315ba'),
('1f84f767-b4ed-439d-a039-dbf0ebd94f2c', '621f8037-2997-4117-9714-d42cd6d315ba'),
('7e47b67c-6b18-4002-a5a2-1b460bb2e5b1', '621f8037-2997-4117-9714-d42cd6d315ba'),
('de1ff495-9b22-4e35-95e2-7dfe0c9d3d92', '621f8037-2997-4117-9714-d42cd6d315ba'),
('57b2dfa7-e4fc-4405-a942-489e7727d578', 'ded78f4b-2c08-4cdf-8fd1-eed86b09962f'),
('ac66c140-4b93-47de-8ce1-63c04020526e', 'ded78f4b-2c08-4cdf-8fd1-eed86b09962f'),
('50163973-692b-49ce-9bd4-62120d3e755f', 'ded78f4b-2c08-4cdf-8fd1-eed86b09962f'),
('b5f13c2e-7f05-46a2-88cb-09456687c488', 'ded78f4b-2c08-4cdf-8fd1-eed86b09962f'),
('1f6b0302-d075-44a3-84d4-bfd8162ce5ce', 'ded78f4b-2c08-4cdf-8fd1-eed86b09962f'),
('9b4ffdcd-9c3e-4b03-8c86-ceca4a80f634', 'ded78f4b-2c08-4cdf-8fd1-eed86b09962f'),
('dbdad0c2-e65b-406c-89b4-fd4c98933f62', 'ded78f4b-2c08-4cdf-8fd1-eed86b09962f'),
('fb6d3374-6583-4764-b26b-1faa27e28dbd', 'ded78f4b-2c08-4cdf-8fd1-eed86b09962f'),
('e0cc55e6-4631-4c24-900f-ff281232fc93', 'ded78f4b-2c08-4cdf-8fd1-eed86b09962f'),
('de169f2a-675b-4bb5-af98-ccea632a1369', 'ded78f4b-2c08-4cdf-8fd1-eed86b09962f'),
('45be8670-aa21-4502-86bf-42e43d98f54f', 'ded78f4b-2c08-4cdf-8fd1-eed86b09962f'),
('9c899071-a418-4399-9310-b1d229dccac2', 'ded78f4b-2c08-4cdf-8fd1-eed86b09962f'),
('e2fdc3a7-3271-471f-8cd2-0d8e236bd45c', 'ded78f4b-2c08-4cdf-8fd1-eed86b09962f'),
('36868ae7-4e1a-4c99-851d-992e2cf0da8a', '51435365-43e9-4e11-92cc-3b34d81dc4e2'),
('657cdadb-2583-40e2-aac5-7b45fe554ad2', '51435365-43e9-4e11-92cc-3b34d81dc4e2'),
('25f4eb20-684b-4713-9c01-d537e5694b35', '51435365-43e9-4e11-92cc-3b34d81dc4e2'),
('f8e11bf3-d3e3-4e68-9e87-a58a112eff25', '51435365-43e9-4e11-92cc-3b34d81dc4e2'),
('5431446d-4655-4c76-a994-c07cab2c940b', '51435365-43e9-4e11-92cc-3b34d81dc4e2'),
('5daeab15-88b7-4c7a-8a30-249706fc695a', '51435365-43e9-4e11-92cc-3b34d81dc4e2'),
('3a7a6272-977d-4154-acdf-dd02eea658de', '51435365-43e9-4e11-92cc-3b34d81dc4e2'),
('e6ceb112-c3e6-49f1-83b5-c262999242a1', '51435365-43e9-4e11-92cc-3b34d81dc4e2'),
('f13ced18-8480-4b7b-95e5-23e7760877fa', '51435365-43e9-4e11-92cc-3b34d81dc4e2'),
('08eb3ddc-0a47-4c90-b532-a74269ae254a', '51435365-43e9-4e11-92cc-3b34d81dc4e2'),
('00e96630-07cf-4a4d-a271-d5e10601e9f9', '51435365-43e9-4e11-92cc-3b34d81dc4e2'),
('54857971-b4f8-4e7c-ba3f-4c4a656f8188', '51435365-43e9-4e11-92cc-3b34d81dc4e2'),
('b9a8b079-52d5-4fc5-9054-15409620f383', '51435365-43e9-4e11-92cc-3b34d81dc4e2'),
('e9c5d6fa-9c77-4a8c-9eb6-b75745b1645c', '51435365-43e9-4e11-92cc-3b34d81dc4e2'),
('ffbc5bbb-1adf-491b-8f46-2017999a3f83', '51435365-43e9-4e11-92cc-3b34d81dc4e2'),
('bd97136e-baf4-49a1-92f9-a4cfcb1e0675', '51435365-43e9-4e11-92cc-3b34d81dc4e2'),
('2085298f-5bea-4f80-ab80-c6deb329aaa3', '51435365-43e9-4e11-92cc-3b34d81dc4e2'),
('bb48b672-bc0d-4fd4-8f64-2aecc32dcc7d', '51435365-43e9-4e11-92cc-3b34d81dc4e2'),
('84778e29-d44e-4f9c-91a7-eb6c5ca7838d', '51435365-43e9-4e11-92cc-3b34d81dc4e2'),
('e91d8858-5764-4cba-a19d-8cb2ee29afb0', '51435365-43e9-4e11-92cc-3b34d81dc4e2'),
('c1f107ae-04b3-4d2d-a56f-3f25b6320608', '51435365-43e9-4e11-92cc-3b34d81dc4e2'),
('80a7b876-5f85-4f15-adfa-e1cc0c5bf15e', '51435365-43e9-4e11-92cc-3b34d81dc4e2'),
('07880c61-15b1-45be-bdf5-6125fdd3792d', '51435365-43e9-4e11-92cc-3b34d81dc4e2'),
('2bdebc1b-79b0-4709-8972-18b0e1e1a90d', '51435365-43e9-4e11-92cc-3b34d81dc4e2'),
('48a9acf0-053b-4204-99ed-56ce24b3877c', 'c89ddbd9-b9fc-4f23-98db-3811c4fdaf53'),
('672103c6-aa96-4a5d-a496-237e044a793a', 'c89ddbd9-b9fc-4f23-98db-3811c4fdaf53'),
('db08b307-b19d-4910-94e4-85ce6a840215', 'c89ddbd9-b9fc-4f23-98db-3811c4fdaf53'),
('e1684653-55c5-4363-b2d4-688c9211111a', 'c89ddbd9-b9fc-4f23-98db-3811c4fdaf53'),
('0a7a81dc-3d7b-435d-814e-1d32fd012906', 'c89ddbd9-b9fc-4f23-98db-3811c4fdaf53'),
('ffea026a-4102-4819-a96c-e7db9b6d488d', 'c89ddbd9-b9fc-4f23-98db-3811c4fdaf53'),
('22ff789c-dc94-4319-a953-bbac5ebd1d89', 'c89ddbd9-b9fc-4f23-98db-3811c4fdaf53'),
('4f30ed25-b492-441b-aa37-b108e93aab8e', 'c89ddbd9-b9fc-4f23-98db-3811c4fdaf53'),
('07d91fff-6ffc-4119-8b4b-543724393eff', 'c89ddbd9-b9fc-4f23-98db-3811c4fdaf53'),
('13d7cba2-bc21-4458-81b9-6be2e6ea0793', 'c89ddbd9-b9fc-4f23-98db-3811c4fdaf53'),
('7b9456fe-f671-40fc-a4fd-aaa40a2214db', 'c89ddbd9-b9fc-4f23-98db-3811c4fdaf53'),
('29ea405d-fe8b-4dfb-bba5-85662e238c6e', 'c89ddbd9-b9fc-4f23-98db-3811c4fdaf53'),
('376b9dd4-50a9-4fdc-be48-6ab926c0f5d6', 'c89ddbd9-b9fc-4f23-98db-3811c4fdaf53'),
('ad595a79-0d34-4892-9912-0424b143cde3', 'c89ddbd9-b9fc-4f23-98db-3811c4fdaf53'),
('be2c0eea-649f-4f2a-81fa-ebf6cdf8b555', 'c89ddbd9-b9fc-4f23-98db-3811c4fdaf53'),
('83d2098e-a417-4aa3-b9a4-81271f4cea81', 'c89ddbd9-b9fc-4f23-98db-3811c4fdaf53'),
('3e58fd0a-f81b-41e2-a69d-5a2b9facc772', 'c89ddbd9-b9fc-4f23-98db-3811c4fdaf53'),
('05e9fdc2-762b-4e4d-8d2c-f00b218cf1f6', 'c89ddbd9-b9fc-4f23-98db-3811c4fdaf53'),
('61c0b088-fa55-4667-a265-6c1a3edd13f0', 'c89ddbd9-b9fc-4f23-98db-3811c4fdaf53'),
('ec646108-ad8e-4bbc-9351-dc7f7d3e34b2', 'c89ddbd9-b9fc-4f23-98db-3811c4fdaf53'),
('2d902a9e-a7fd-4d80-a407-a76a212e5d14', 'c89ddbd9-b9fc-4f23-98db-3811c4fdaf53'),
('9239b3ed-8c03-41a1-a94d-db8939d447f5', 'c89ddbd9-b9fc-4f23-98db-3811c4fdaf53'),
('0c856316-a9eb-4b6b-af73-99c2ac9b5f01', 'c89ddbd9-b9fc-4f23-98db-3811c4fdaf53'),
('692fa90e-3991-42dc-b1dd-d4a0f646dfbd', 'c89ddbd9-b9fc-4f23-98db-3811c4fdaf53'),
('fef4dcdd-9ad1-4e13-82b6-825740f69831', 'c89ddbd9-b9fc-4f23-98db-3811c4fdaf53'),
('07343f4a-adb3-4f71-9106-8034f2dc298c', 'c89ddbd9-b9fc-4f23-98db-3811c4fdaf53'),
('8269078d-24a6-494f-b8c4-9d3b0c2c37cf', 'c89ddbd9-b9fc-4f23-98db-3811c4fdaf53'),
('acbc7e8f-a2fe-43ee-b7ca-b3c11a2cf026', 'c89ddbd9-b9fc-4f23-98db-3811c4fdaf53'),
('ebc9456f-984d-4c57-986d-0d32bc0b4120', 'c89ddbd9-b9fc-4f23-98db-3811c4fdaf53'),
('be010881-5fc0-4745-8feb-8e1da479bf2b', 'c89ddbd9-b9fc-4f23-98db-3811c4fdaf53'),
('704e692e-2ebe-4fe8-822d-133e8b26f6b6', 'c89ddbd9-b9fc-4f23-98db-3811c4fdaf53'),
('5c5f562b-aebf-48b7-a119-2cc6013da1c3', 'c89ddbd9-b9fc-4f23-98db-3811c4fdaf53'),
('45d8f668-b00b-4092-b749-7807011155db', 'c89ddbd9-b9fc-4f23-98db-3811c4fdaf53'),
('5e6d84df-c914-4bc4-bdb3-7f6077a1e7c2', 'c89ddbd9-b9fc-4f23-98db-3811c4fdaf53'),
('657e1292-9204-4ee3-8cbb-f50b9a2f86db', 'c89ddbd9-b9fc-4f23-98db-3811c4fdaf53'),
('162168bd-f65c-4450-a72e-1d5708f99320', 'c89ddbd9-b9fc-4f23-98db-3811c4fdaf53'),
('65c97982-275c-48a9-8056-4a8998311206', 'c89ddbd9-b9fc-4f23-98db-3811c4fdaf53'),
('f8b22284-1b73-4fc3-9045-cc1c813b3fee', '809c5d58-d3c5-4142-ada3-dac0902545bd'),
('2308ae0d-d213-4bb4-9e0c-a8c59f257cfe', '809c5d58-d3c5-4142-ada3-dac0902545bd'),
('a07d336b-f04d-4f86-a7e0-22d6ad84e558', '809c5d58-d3c5-4142-ada3-dac0902545bd'),
('faf1c84a-e90d-4968-a424-c211f25d2090', '809c5d58-d3c5-4142-ada3-dac0902545bd'),
('df2c8e77-8380-4d66-9a58-58809dc7a061', '809c5d58-d3c5-4142-ada3-dac0902545bd'),
('f86beb29-474b-499c-8e33-002f9d22c822', '809c5d58-d3c5-4142-ada3-dac0902545bd'),
('947bc033-2102-434e-b649-f41c23f4e9e0', '809c5d58-d3c5-4142-ada3-dac0902545bd'),
('d10017ab-c554-4cfb-8f16-ebe02eafb49a', '809c5d58-d3c5-4142-ada3-dac0902545bd'),
('dd1dc819-35a2-4ee2-a725-cfee907687de', '809c5d58-d3c5-4142-ada3-dac0902545bd'),
('cfa278a7-afd5-4b02-a299-e1df974d2137', '809c5d58-d3c5-4142-ada3-dac0902545bd'),
('9f5ab612-04c6-458d-8a25-68c37045a4c6', '809c5d58-d3c5-4142-ada3-dac0902545bd'),
('ff6f8f8d-bdbe-41b5-b233-335ede1a9646', '809c5d58-d3c5-4142-ada3-dac0902545bd'),
('193db5fe-78f9-4381-8e95-f1442d09cd8c', '809c5d58-d3c5-4142-ada3-dac0902545bd'),
('b4467982-dea4-4d78-9e14-72c309a1eafe', '809c5d58-d3c5-4142-ada3-dac0902545bd'),
('bfa0e67d-7d0c-46d4-b903-87f28948c1c7', '809c5d58-d3c5-4142-ada3-dac0902545bd'),
('92be6f8f-834e-4266-81cb-a1bf35aa1329', '809c5d58-d3c5-4142-ada3-dac0902545bd'),
('715a5312-d405-4ab6-adfc-9169afd92665', '809c5d58-d3c5-4142-ada3-dac0902545bd'),
('c169ae2d-20fb-43b5-aef5-b7858fc6d2ec', '809c5d58-d3c5-4142-ada3-dac0902545bd'),
('dd1139f5-1070-462b-9073-24c28e3ed8de', '809c5d58-d3c5-4142-ada3-dac0902545bd'),
('96016e64-c91e-4578-af2a-73860e1bd058', '809c5d58-d3c5-4142-ada3-dac0902545bd'),
('2c1b95f7-e2f8-40ea-b221-31354c79e0de', '809c5d58-d3c5-4142-ada3-dac0902545bd'),
('b4e27146-bb97-4d15-96ac-c1e39d150f06', '809c5d58-d3c5-4142-ada3-dac0902545bd'),
('e2841c0f-caea-4c30-abfe-1f0398dc9813', '809c5d58-d3c5-4142-ada3-dac0902545bd'),
('5749e1f0-e9a8-4c7e-874e-a5a052d2de40', '809c5d58-d3c5-4142-ada3-dac0902545bd'),
('9d008d80-25b9-4840-bf33-10ceccbb44ac', '809c5d58-d3c5-4142-ada3-dac0902545bd'),
('614b8030-bc30-4ad0-abfb-18448b98e8e4', '809c5d58-d3c5-4142-ada3-dac0902545bd'),
('65d1ac41-80ef-4f9b-a25b-afff20901c00', '809c5d58-d3c5-4142-ada3-dac0902545bd'),
('f7941e25-5792-45f6-bc8d-3db4598a01ef', '809c5d58-d3c5-4142-ada3-dac0902545bd'),
('78bcc7ce-1751-4564-a0d7-b1d49b78a553', '809c5d58-d3c5-4142-ada3-dac0902545bd'),
('7c5db4d4-bd5a-4d1a-81f7-327ad3c5f5c8', '809c5d58-d3c5-4142-ada3-dac0902545bd'),
('d47f2fbb-73d7-4489-b52f-a20b621ee23f', '809c5d58-d3c5-4142-ada3-dac0902545bd'),
('1b6c18ab-e17c-47f0-bd89-c2db804730be', '809c5d58-d3c5-4142-ada3-dac0902545bd'),
('a64ae569-e9a0-48d2-a72c-bd0f8c5d94dd', '809c5d58-d3c5-4142-ada3-dac0902545bd'),
('ef98db8e-f7dc-4706-93d5-fc72aff3f109', '809c5d58-d3c5-4142-ada3-dac0902545bd'),
('f4265c96-125d-496c-a4ba-a603e97871c3', '809c5d58-d3c5-4142-ada3-dac0902545bd'),
('38d3160a-d89a-4c28-a597-ec9d319879c7', '93371187-5f18-402b-966f-e5d826503133'),
('9a347312-55b9-4f54-8a7f-a22b0030563b', '93371187-5f18-402b-966f-e5d826503133'),
('e9b4f54c-0b50-4728-b47c-f95838711617', '93371187-5f18-402b-966f-e5d826503133'),
('ce51829e-c0bc-43ca-97e8-5a6478e08881', '93371187-5f18-402b-966f-e5d826503133'),
('895d6440-d9d7-4a1d-bb2c-5fce54cab06e', '93371187-5f18-402b-966f-e5d826503133'),
('f87e72d8-5dc3-417e-93f3-d15e88ec136f', '93371187-5f18-402b-966f-e5d826503133'),
('3e6d0b10-06b4-4aba-b45b-c8402ff88a9a', '93371187-5f18-402b-966f-e5d826503133'),
('2b5cc67f-4821-4f7f-b8f3-7e6a77e4dd53', '93371187-5f18-402b-966f-e5d826503133'),
('1f41c854-80d4-4945-8e9f-c35104d0f7da', '93371187-5f18-402b-966f-e5d826503133'),
('8a7b0cd1-cafa-4dbc-8e89-d132d7d2670d', '93371187-5f18-402b-966f-e5d826503133'),
('40a8c7bc-b8b8-4513-bffb-781db229f29a', '93371187-5f18-402b-966f-e5d826503133'),
('7952aa14-0e82-49e3-a4c7-2cfbdf06d892', '93371187-5f18-402b-966f-e5d826503133'),
('cff75938-0852-40a5-b911-a4e9ceb54aac', '93371187-5f18-402b-966f-e5d826503133'),
('d53a55d2-0edd-4abe-b4fc-6b112d574ca4', '93371187-5f18-402b-966f-e5d826503133'),
('8ab0f373-c21e-4461-996f-23b90916cf29', '93371187-5f18-402b-966f-e5d826503133'),
('468d4514-4ca7-40f4-b187-7a02c4fb7c77', '93371187-5f18-402b-966f-e5d826503133'),
('e22dea34-b997-4b7f-a1f5-32f6a3d1ffec', '93371187-5f18-402b-966f-e5d826503133'),
('8db6cc93-ccac-48e6-bd29-d5cbb2496c57', '93371187-5f18-402b-966f-e5d826503133'),
('90580218-b42e-401e-87ec-bd87801a0039', '93371187-5f18-402b-966f-e5d826503133'),
('f8e2f95d-b2ff-475a-bbab-63c09d3db959', '93371187-5f18-402b-966f-e5d826503133'),
('cb73fde6-4abe-4195-ad85-f806f51c2b10', '93371187-5f18-402b-966f-e5d826503133'),
('3123a22b-19ea-46c3-b25f-487463aae322', '93371187-5f18-402b-966f-e5d826503133'),
('314d8dca-4921-4bcd-b78b-a42f4b8862cf', '93371187-5f18-402b-966f-e5d826503133'),
('f3b59b33-864f-4b4a-886f-ad28a11474f2', '93371187-5f18-402b-966f-e5d826503133'),
('d3a2fbd1-b404-453f-bda1-bf45ca820f9d', '93371187-5f18-402b-966f-e5d826503133'),
('df151779-40cb-4497-85b9-623a9e15b1fd', '93371187-5f18-402b-966f-e5d826503133'),
('f8db273c-ae54-4d05-8fc8-f99bca885b82', '93371187-5f18-402b-966f-e5d826503133'),
('422e0787-3105-470c-b779-47f463a027b7', '93371187-5f18-402b-966f-e5d826503133'),
('2d978a67-9240-47c5-ba6a-8b6e2bb68833', '93371187-5f18-402b-966f-e5d826503133'),
('fa548a11-2cad-4d6c-a421-7cb3d18171ac', '93371187-5f18-402b-966f-e5d826503133'),
('6b677fdd-acb2-4347-a9f5-93285c669000', '93371187-5f18-402b-966f-e5d826503133'),
('31bd3f11-deda-4f53-9a8e-e32ba4bbb7cb', '93371187-5f18-402b-966f-e5d826503133'),
('a5ac4ed9-6d88-4a86-a3d0-1c5df6bc58fb', '93371187-5f18-402b-966f-e5d826503133'),
('466d1167-8d29-4820-8dbe-1d14b96214d5', '93371187-5f18-402b-966f-e5d826503133'),
('fef3c73a-14b1-4e59-91d5-e9eeb668e730', '93371187-5f18-402b-966f-e5d826503133'),
('61b10d1d-d62f-4c20-aa3c-531d633bb403', '93371187-5f18-402b-966f-e5d826503133'),
('86ac9bda-b720-4421-a3c4-805103dd3395', '93371187-5f18-402b-966f-e5d826503133'),
('6c992ce1-8954-4874-8d94-ccf1cdacf983', 'a06a28aa-2235-42eb-a3d5-c76bb63cb728'),
('0aa90d0b-d510-4291-b387-8e345101dabf', 'a06a28aa-2235-42eb-a3d5-c76bb63cb728'),
('4f48ecb2-afe0-4ec3-93e7-104696fd4ade', 'a06a28aa-2235-42eb-a3d5-c76bb63cb728'),
('7dee06f3-16a0-4858-b93e-2a141e5bd765', 'a06a28aa-2235-42eb-a3d5-c76bb63cb728'),
('3c2b03b6-d152-4e81-83cd-74233d8caf68', 'a06a28aa-2235-42eb-a3d5-c76bb63cb728'),
('5f801c9f-44e9-4960-a3fd-9ca2b523c4a4', 'a06a28aa-2235-42eb-a3d5-c76bb63cb728'),
('c22daee8-e8c8-4d16-975c-9d7152ab81b9', 'a06a28aa-2235-42eb-a3d5-c76bb63cb728'),
('32f79013-4dad-43d9-a833-4aa8d48ffb1b', 'a06a28aa-2235-42eb-a3d5-c76bb63cb728'),
('85ce0fca-1632-4e24-bc0c-e07790ed98d7', 'a06a28aa-2235-42eb-a3d5-c76bb63cb728'),
('66f2980e-1510-4008-97bb-6afc4304a570', 'a06a28aa-2235-42eb-a3d5-c76bb63cb728'),
('472ca679-9c91-4c3d-8219-a10737557c11', 'a06a28aa-2235-42eb-a3d5-c76bb63cb728'),
('2792a2a2-762f-4e1a-8e0d-83b536b324cf', 'a06a28aa-2235-42eb-a3d5-c76bb63cb728'),
('a0ab06f4-1d9f-4101-bdb6-a71b894f9372', 'a06a28aa-2235-42eb-a3d5-c76bb63cb728'),
('a3fe3b30-f175-4227-8b0e-6427942bd3fa', 'a06a28aa-2235-42eb-a3d5-c76bb63cb728'),
('fffb1c62-02e3-4e46-8db6-210607bbaf2c', 'a06a28aa-2235-42eb-a3d5-c76bb63cb728'),
('3e1a47a9-7bd2-4cad-a90d-2dd671ce5167', 'a06a28aa-2235-42eb-a3d5-c76bb63cb728'),
('ec176579-d884-4b76-a2e1-07b25fe00819', 'a06a28aa-2235-42eb-a3d5-c76bb63cb728'),
('43cf6776-e80b-4cf0-9cf0-f35eab75afdd', 'a06a28aa-2235-42eb-a3d5-c76bb63cb728'),
('a0928efb-6cb0-47cd-85f4-408de9c25cfc', 'd451a703-74e4-43a4-9788-379291506692'),
('85ce6e7f-edc7-4b31-b060-d577e0146023', 'd451a703-74e4-43a4-9788-379291506692'),
('5222fe45-ef11-460f-916a-4216ccb49aba', 'd451a703-74e4-43a4-9788-379291506692'),
('cea7aa7d-6ae6-4951-87f3-bf5d1a3999dc', 'd451a703-74e4-43a4-9788-379291506692'),
('11ae6bf1-d48e-4c9a-ade8-e1cc83d020d3', 'd451a703-74e4-43a4-9788-379291506692'),
('92ce5205-0a13-4925-a632-8e128d0a6b78', 'd451a703-74e4-43a4-9788-379291506692'),
('04344d93-8555-40e6-a4e8-2a4dd385246a', 'd451a703-74e4-43a4-9788-379291506692'),
('6a962815-eedc-40ea-b96d-46acfd481c79', 'd451a703-74e4-43a4-9788-379291506692'),
('41eced0f-7fc3-459a-b061-53078e0e4efc', 'd451a703-74e4-43a4-9788-379291506692'),
('0d1ef5e4-9ebf-47ed-8885-283380c68ab8', 'd451a703-74e4-43a4-9788-379291506692'),
('57d23de9-7146-4a02-afcc-b8f7f4aaf72c', 'd451a703-74e4-43a4-9788-379291506692'),
('9cd61848-7726-44be-b25b-d089296d4df2', 'd451a703-74e4-43a4-9788-379291506692'),
('895a8fa3-ae57-4223-bc2a-b4f6fc3abf64', 'd451a703-74e4-43a4-9788-379291506692'),
('7740379e-28d4-4588-b4f4-0f01315adf67', 'd451a703-74e4-43a4-9788-379291506692'),
('67b57fc7-5f78-419d-b473-e0fc65814fa6', 'd451a703-74e4-43a4-9788-379291506692'),
('0a4f0787-4407-4eea-96e3-894d4b196aae', 'd451a703-74e4-43a4-9788-379291506692'),
('ee9f03fd-f1bb-4149-a5fd-121e65f2a800', 'd451a703-74e4-43a4-9788-379291506692'),
('1ecd31c5-b593-44a9-a6d3-ee2c14e40fa9', 'd451a703-74e4-43a4-9788-379291506692'),
('3fd4fed0-7907-4461-a9c5-0bca81ae50ff', 'd451a703-74e4-43a4-9788-379291506692'),
('5fa65540-a6e2-4c0c-91cb-dcf58362334f', 'd451a703-74e4-43a4-9788-379291506692'),
('22b931ce-f302-4975-a9d5-6fd83d5a7788', 'd451a703-74e4-43a4-9788-379291506692'),
('8ac52a44-3ece-481d-995a-01931261a927', 'd451a703-74e4-43a4-9788-379291506692'),
('ad266f4c-eed2-4f31-99ba-0eb2d59fd23c', 'd451a703-74e4-43a4-9788-379291506692'),
('522b12b5-d8f1-48e7-be69-afbe3e062ff0', 'd451a703-74e4-43a4-9788-379291506692'),
('66d24b38-f1ef-4486-b199-a25c0d46e9a1', 'd451a703-74e4-43a4-9788-379291506692'),
('c84ea7c0-58ae-4cfa-95ce-3ffbcd110b23', 'd451a703-74e4-43a4-9788-379291506692'),
('1811ffff-9016-479f-801a-e73b2a0fa3e4', 'd451a703-74e4-43a4-9788-379291506692'),
('b923ba73-4df3-46f3-a65c-ae987a21abcc', 'd451a703-74e4-43a4-9788-379291506692'),
('49ef074c-800d-43e3-91ba-b24f10225150', 'd451a703-74e4-43a4-9788-379291506692'),
('1c500864-6729-4699-b559-657bda712f06', 'd451a703-74e4-43a4-9788-379291506692'),
('fb2cd69f-2a10-4759-9415-5d58ef2e3e34', 'd451a703-74e4-43a4-9788-379291506692'),
('4e473922-9252-4c21-90d3-da488bd9dd96', 'd451a703-74e4-43a4-9788-379291506692'),
('b671a3ce-033a-4da0-a2ad-8b6641260568', 'd451a703-74e4-43a4-9788-379291506692'),
('89875325-a979-4182-bc0b-1716eaf56c92', 'd451a703-74e4-43a4-9788-379291506692'),
('fb21cb7d-7bc4-4bdd-9233-011a514402a7', 'd451a703-74e4-43a4-9788-379291506692'),
('7e4383a3-e890-4a15-8c4a-3d62489e1088', 'd451a703-74e4-43a4-9788-379291506692'),
('31840ab4-4051-4e7b-b4a4-9a9bbbbf1ac3', 'd451a703-74e4-43a4-9788-379291506692'),
('d5a55ada-32f6-4718-a5ab-67f9ba5a69aa', 'd451a703-74e4-43a4-9788-379291506692'),
('3bfab893-8940-48e5-b3ae-757173771c5f', 'd451a703-74e4-43a4-9788-379291506692'),
('d0fc4e66-09e6-497c-a488-68f60508e11d', 'd451a703-74e4-43a4-9788-379291506692'),
('6da4d9da-647f-420a-8d2a-68477eb8113a', 'd451a703-74e4-43a4-9788-379291506692'),
('4d7d7256-0497-4e11-a84e-a1f424ae1597', 'd451a703-74e4-43a4-9788-379291506692'),
('ba375ca7-ed6d-4ac6-9746-bbdf17b8fc4d', 'd451a703-74e4-43a4-9788-379291506692'),
('2dc1ccb0-98c9-49e2-9fc4-a0e2accc4aa7', 'd451a703-74e4-43a4-9788-379291506692'),
('a60cb5c5-a82a-4e22-b757-9d984cf69b88', 'd451a703-74e4-43a4-9788-379291506692'),
('76df2ef7-33f0-4bec-babd-5c1911b2602e', 'd451a703-74e4-43a4-9788-379291506692'),
('2fc463fa-f8da-471d-8b39-10be221a3612', 'd451a703-74e4-43a4-9788-379291506692'),
('c5f6786e-1d13-48c5-839c-e87ea806d47d', '63c35e3f-7b29-4304-a86d-2dfd4d1e3272'),
('427ae5b1-d50f-4eab-8d68-84df82d790c8', '63c35e3f-7b29-4304-a86d-2dfd4d1e3272'),
('7f360176-3871-4865-85b0-75702e12064c', '63c35e3f-7b29-4304-a86d-2dfd4d1e3272'),
('140ad4c6-cb5d-4d31-bc43-aa2a58930646', '63c35e3f-7b29-4304-a86d-2dfd4d1e3272'),
('9b6e7e95-30b0-4efa-974d-2951d5750289', '63c35e3f-7b29-4304-a86d-2dfd4d1e3272'),
('019e0678-7ab4-4319-88ae-18c51698cc45', '63c35e3f-7b29-4304-a86d-2dfd4d1e3272'),
('101ae934-1317-4b22-85dd-23d5844693bd', '63c35e3f-7b29-4304-a86d-2dfd4d1e3272'),
('9278d1b4-f0ca-4c10-8431-b81974d29837', '63c35e3f-7b29-4304-a86d-2dfd4d1e3272'),
('beb9a0c4-ff49-45ed-8152-8672db1326a0', '63c35e3f-7b29-4304-a86d-2dfd4d1e3272'),
('fcedb11f-5618-4129-bf6a-30053fb7a948', '63c35e3f-7b29-4304-a86d-2dfd4d1e3272'),
('3922481f-4aa0-4942-8ad1-841fc2fdc18d', '63c35e3f-7b29-4304-a86d-2dfd4d1e3272'),
('bfe7ffe9-d87d-4f5f-b832-c9c1e7e29872', '63c35e3f-7b29-4304-a86d-2dfd4d1e3272'),
('f9d76d78-8fba-465b-9c21-b2eac82abaf6', '63c35e3f-7b29-4304-a86d-2dfd4d1e3272'),
('51318a0a-6773-4f26-920e-0aa6bb43d023', '63c35e3f-7b29-4304-a86d-2dfd4d1e3272'),
('609e3481-015b-4f9e-9221-86f9a385e9e4', '63c35e3f-7b29-4304-a86d-2dfd4d1e3272'),
('7e46e7ae-0f4c-4755-97bf-ecedff13c14b', '63c35e3f-7b29-4304-a86d-2dfd4d1e3272'),
('efd9b3df-4f35-41eb-8fc6-ca70e699eec8', '63c35e3f-7b29-4304-a86d-2dfd4d1e3272'),
('4242ede8-d094-4c3f-b7d5-feb69dc0d4c0', '63c35e3f-7b29-4304-a86d-2dfd4d1e3272'),
('c905e210-ef13-453d-83e4-754f2923f703', '63c35e3f-7b29-4304-a86d-2dfd4d1e3272'),
('938ed7be-ea14-4e21-83d6-9551049ef0ae', '63c35e3f-7b29-4304-a86d-2dfd4d1e3272'),
('c49c79d1-1220-4fde-8763-d5635e073793', '63c35e3f-7b29-4304-a86d-2dfd4d1e3272'),
('797f48dd-ab6b-412b-931e-c651fd7fa878', '63c35e3f-7b29-4304-a86d-2dfd4d1e3272'),
('0410ca7c-1542-4fc7-8108-753b1630e1e3', '63c35e3f-7b29-4304-a86d-2dfd4d1e3272'),
('d1219d74-133b-428b-9576-448b120787b5', '829b65dd-cb9c-47d5-9c3d-bb980492eede'),
('5eb2d059-79c5-4c1c-91e9-4ba1b24775b9', '829b65dd-cb9c-47d5-9c3d-bb980492eede'),
('d5daa7b1-7b01-48e2-a024-e078d22d8444', '829b65dd-cb9c-47d5-9c3d-bb980492eede'),
('425c49cc-ca03-42d9-be49-93152028bcdb', '829b65dd-cb9c-47d5-9c3d-bb980492eede'),
('60bb717e-7dd4-41b0-9d12-7537135b82b0', '829b65dd-cb9c-47d5-9c3d-bb980492eede'),
('dca113ed-1370-451f-ab93-d395d5bc694a', '829b65dd-cb9c-47d5-9c3d-bb980492eede'),
('afb0452b-4c36-4a97-9700-58d75a8490f2', '829b65dd-cb9c-47d5-9c3d-bb980492eede'),
('ee79153e-2623-4ac2-a5b3-e9c673aba5f0', '829b65dd-cb9c-47d5-9c3d-bb980492eede'),
('a3aa46d0-a881-4ac4-ab2c-e805a53fdb75', 'c1da6e8e-8ee2-4803-b2ce-ae06c8aaffe9'),
('f083bb95-9570-4fa6-b79f-07ef2426fce1', 'c1da6e8e-8ee2-4803-b2ce-ae06c8aaffe9'),
('f6bad524-143c-49d6-861b-f99578094a2a', 'c1da6e8e-8ee2-4803-b2ce-ae06c8aaffe9'),
('f83cc4c3-291a-4c63-b788-a2052b1cacde', 'c1da6e8e-8ee2-4803-b2ce-ae06c8aaffe9'),
('ab9d4bb5-d6a3-43c9-b048-b706ca33767e', 'c1da6e8e-8ee2-4803-b2ce-ae06c8aaffe9'),
('91d8d6db-5e60-4885-a49e-2735921aa58b', 'c1da6e8e-8ee2-4803-b2ce-ae06c8aaffe9'),
('77580581-c1cb-4dd6-885f-f55157184d71', 'c1da6e8e-8ee2-4803-b2ce-ae06c8aaffe9'),
('5f8733d9-66bb-4b2e-a576-6e4ef9cf14d4', 'c1da6e8e-8ee2-4803-b2ce-ae06c8aaffe9'),
('6a53067b-8b15-405a-b19e-3c1c8ce44954', 'c1da6e8e-8ee2-4803-b2ce-ae06c8aaffe9'),
('580e43ec-9f53-475b-84f9-62be6dbefa9e', 'c1da6e8e-8ee2-4803-b2ce-ae06c8aaffe9'),
('5726c2a8-fed6-415f-9cd8-4e5fffe1e238', 'c1da6e8e-8ee2-4803-b2ce-ae06c8aaffe9'),
('029bdcc3-3a5f-4e94-a6ad-d71e42ee1fda', 'c1da6e8e-8ee2-4803-b2ce-ae06c8aaffe9'),
('b6644b97-0dd6-4439-84c7-54b4652c698f', 'c1da6e8e-8ee2-4803-b2ce-ae06c8aaffe9'),
('bac6a22c-a883-477e-9ac5-85bf8d64c021', 'c1da6e8e-8ee2-4803-b2ce-ae06c8aaffe9'),
('347f3663-5979-4334-b179-e07680c7b49d', 'c1da6e8e-8ee2-4803-b2ce-ae06c8aaffe9'),
('3128a9dc-3eec-40ae-91cd-b0f6ccc344a2', 'c1da6e8e-8ee2-4803-b2ce-ae06c8aaffe9'),
('d612181d-2bb9-47b3-8c2b-9e5474a6c969', 'c1da6e8e-8ee2-4803-b2ce-ae06c8aaffe9'),
('033285c6-7e2c-496a-90d9-9f7455230833', 'c1da6e8e-8ee2-4803-b2ce-ae06c8aaffe9'),
('73bb71cb-bcd0-4e24-99bf-52773b9a1b2a', 'c1da6e8e-8ee2-4803-b2ce-ae06c8aaffe9'),
('a0006446-6953-4df6-8923-f5860015ff19', 'c1da6e8e-8ee2-4803-b2ce-ae06c8aaffe9'),
('3714c7a9-e10d-4f53-8800-38b140fc89e3', 'c1da6e8e-8ee2-4803-b2ce-ae06c8aaffe9'),
('54ce9e08-313b-4315-a300-40c2bab1e7dd', 'c1da6e8e-8ee2-4803-b2ce-ae06c8aaffe9'),
('74b44a91-7e27-43ac-828f-7cad8975f968', 'c1da6e8e-8ee2-4803-b2ce-ae06c8aaffe9'),
('413f3b02-0b36-44ae-83ce-ffe196124700', 'c1da6e8e-8ee2-4803-b2ce-ae06c8aaffe9'),
('5dfc3df0-6d8c-406d-a86e-53b68212e401', 'c1da6e8e-8ee2-4803-b2ce-ae06c8aaffe9'),
('d6b32ecd-5520-469a-a604-25c7f198810f', 'c1da6e8e-8ee2-4803-b2ce-ae06c8aaffe9'),
('52a9825a-588c-4568-bd2a-b3fa577e4c97', 'c1da6e8e-8ee2-4803-b2ce-ae06c8aaffe9'),
('f200dcc2-bb1d-4caf-b5d5-899626507633', 'c1da6e8e-8ee2-4803-b2ce-ae06c8aaffe9'),
('d607ff99-793d-4494-b8a9-74247b24efd3', 'c1da6e8e-8ee2-4803-b2ce-ae06c8aaffe9'),
('22b98eae-31cf-453e-a390-ea29ac4b0c6d', 'c1da6e8e-8ee2-4803-b2ce-ae06c8aaffe9'),
('68781e7f-8c99-4969-b4ee-1de8b118fd9b', 'c1da6e8e-8ee2-4803-b2ce-ae06c8aaffe9'),
('f1c9db7b-e568-44b6-a1f6-5d8f4d53717f', 'c1da6e8e-8ee2-4803-b2ce-ae06c8aaffe9'),
('b51b96f8-6c86-4859-962e-c8c67b98a01a', 'c1da6e8e-8ee2-4803-b2ce-ae06c8aaffe9'),
('ec4a5897-3e1c-4bc6-8b09-a7bf11aca07c', 'c1da6e8e-8ee2-4803-b2ce-ae06c8aaffe9'),
('67b5caa3-4a13-484a-9207-baa954b0315d', 'c1da6e8e-8ee2-4803-b2ce-ae06c8aaffe9'),
('3a2f0bc0-22ea-437d-9ccc-125470dfc2b0', 'c1da6e8e-8ee2-4803-b2ce-ae06c8aaffe9'),
('ae4947dc-3f40-4480-a929-4d12a08c25d0', 'c1da6e8e-8ee2-4803-b2ce-ae06c8aaffe9'),
('bec34b0a-604f-4213-8a39-a786b6d0069e', 'c1da6e8e-8ee2-4803-b2ce-ae06c8aaffe9'),
('3a3c7e60-30ad-40d1-b0e1-892651f1a4c0', 'c1da6e8e-8ee2-4803-b2ce-ae06c8aaffe9'),
('f5d49372-4bb9-47ce-b3c8-ab6f02653c58', 'c1da6e8e-8ee2-4803-b2ce-ae06c8aaffe9'),
('17dc3a36-a034-44e6-8007-f62eb2ff0951', 'c1da6e8e-8ee2-4803-b2ce-ae06c8aaffe9'),
('77db852f-fcf2-44ad-af1d-dd9a3a8a8a86', 'c1da6e8e-8ee2-4803-b2ce-ae06c8aaffe9'),
('baad3599-06cd-4e8f-958f-360387a893db', 'c1da6e8e-8ee2-4803-b2ce-ae06c8aaffe9'),
('2705709e-d3f1-40d4-87c5-4df3cdbf5682', 'c1da6e8e-8ee2-4803-b2ce-ae06c8aaffe9'),
('73e91d0c-eb62-4ff0-9588-df1ee84b18dd', 'c1da6e8e-8ee2-4803-b2ce-ae06c8aaffe9'),
('ac9dcd44-7410-42e1-a9dd-dabd0488335f', 'c1da6e8e-8ee2-4803-b2ce-ae06c8aaffe9'),
('1abc389c-6fa1-487b-9026-7b08923f328c', 'c1da6e8e-8ee2-4803-b2ce-ae06c8aaffe9'),
('73c95e11-d420-4621-8eac-13afaa7c1752', 'c1da6e8e-8ee2-4803-b2ce-ae06c8aaffe9'),
('8d2b4e8f-f1b4-4742-b771-66cb7481923b', 'c1da6e8e-8ee2-4803-b2ce-ae06c8aaffe9'),
('4543dc53-4fd6-4a57-a2d5-b886a8e7b80e', 'c1da6e8e-8ee2-4803-b2ce-ae06c8aaffe9'),
('d2d623d5-939f-4c48-85e1-804efda251c7', 'c1da6e8e-8ee2-4803-b2ce-ae06c8aaffe9'),
('8c6e0bfb-b09a-4fa5-a164-9479d6b7b037', 'c1da6e8e-8ee2-4803-b2ce-ae06c8aaffe9'),
('c1b8f7b8-ce32-4de2-b166-cc7082aa4ee9', 'c1da6e8e-8ee2-4803-b2ce-ae06c8aaffe9'),
('b5a83c5a-6361-42a0-8840-4fa1450b5c93', '6c4e3e3c-d0da-4373-8731-d152acb06718'),
('4db12c5a-988c-4b9b-8a02-8ebe023b6d51', '6c4e3e3c-d0da-4373-8731-d152acb06718'),
('49e84786-fd54-4986-b9b5-f258231dc2cf', '6c4e3e3c-d0da-4373-8731-d152acb06718'),
('12c848e9-cec9-4385-9a38-ea7899771b45', '6c4e3e3c-d0da-4373-8731-d152acb06718'),
('916d3189-1bcb-4500-a114-b9ce8747e13c', '6c4e3e3c-d0da-4373-8731-d152acb06718'),
('7aab42e2-9a8a-4eef-9c5d-f57c9ed423fc', '6c4e3e3c-d0da-4373-8731-d152acb06718'),
('d7a0b19e-d332-4f70-958c-5d6d4ac65f66', 'fb9055c9-e8bd-4693-a05d-6628f9a4599a'),
('14f7e99b-5635-46f8-8d3f-e309642f47f2', 'fb9055c9-e8bd-4693-a05d-6628f9a4599a'),
('59c5d9b0-44cc-4b36-a1c6-c03c5493a81d', 'fb9055c9-e8bd-4693-a05d-6628f9a4599a'),
('f6b71e79-0643-4850-9094-fc1f566b88a2', 'fb9055c9-e8bd-4693-a05d-6628f9a4599a');


INSERT INTO [Students] ([Id], [SpecialityId], [UserId], [Identity], [Citizenship], [DateOfStarting], [DateOfGraduate], [FormOfEducation], [DateOfBirth], [CountryOfBirth], [MunicipalityOfBirth], [AreaOfBirth], [CityOfBirth], [FacultyNumber]) VALUES
('49618644-130e-4b39-9d2d-db9457f9206c', '8f867103-766e-450f-9b51-d1efac65c82f', '1dcf3da0-9176-4449-b523-2f269f8caecd', '0203255679', 'Българско', '2022-10-03', '2026-06-09', 'редовно обучение', '2002-06-11', 'България', 'Видин', 'Видин', 'Видин', 'ФМИ-СИ-Б-0001'),
('e0315fac-deaa-42f9-a6d8-c54dcd8caba8', '8f867103-766e-450f-9b51-d1efac65c82f', 'e6388ae7-f1a6-4459-89e1-693b892fd872', '0110073322', 'Българско', '2022-10-03', '2026-06-09', 'редовно обучение', '2001-10-21', 'България', 'Стара Загора', 'Стара Загора', 'Стара Загора', 'ФМИ-СИ-Б-0002'),
('ac45a6a6-2d0b-4bd7-9917-e1d7fbbb2d73', '8f867103-766e-450f-9b51-d1efac65c82f', '16152fcd-5efa-4d44-a8d2-51a79b4d6004', '0201021024', 'Българско', '2022-10-03', '2026-06-09', 'редовно обучение', '2002-07-05', 'България', 'Пловдив', 'Пловдив', 'Пловдив', 'ФМИ-СИ-Б-0003'),
('d064aa20-7fef-4f57-9dba-dab523656a61', '8f867103-766e-450f-9b51-d1efac65c82f', 'a82bb6a1-333e-4ff1-b476-760afa13e0c4', '0106131861', 'Българско', '2022-10-03', '2026-06-09', 'редовно обучение', '2001-11-22', 'България', 'Монтана', 'Монтана', 'Монтана', 'ФМИ-СИ-Б-0004'),
('97e6eb08-d79b-49ad-b2a0-0270070c6230', '8f867103-766e-450f-9b51-d1efac65c82f', '7469f26c-f46f-4df1-b513-f772a35526e9', '0007042776', 'Българско', '2022-10-03', '2026-06-09', 'редовно обучение', '2000-12-30', 'България', 'Ловеч', 'Ловеч', 'Ловеч', 'ФМИ-СИ-Б-0005'),
('44dbb376-11a7-4d4d-8369-94b20a9d057d', '8f867103-766e-450f-9b51-d1efac65c82f', 'f802c117-4c03-4100-9019-667fc47f779d', '0109251444', 'Българско', '2022-10-03', '2026-06-09', 'редовно обучение', '2001-05-01', 'България', 'София-град', 'София-град', 'София', 'ФМИ-СИ-Б-0006'),
('e2189cc2-48b7-4386-9ed7-04512bcb5253', '8f867103-766e-450f-9b51-d1efac65c82f', '883fbc61-73e9-432e-bc7d-951f466a0301', '0003142773', 'Българско', '2022-10-03', '2026-06-09', 'редовно обучение', '2000-11-19', 'България', 'Велико Търново', 'Велико Търново', 'Велико Търново', 'ФМИ-СИ-Б-0007'),
('d7943c65-b8ec-4376-b3bd-70a67a6609f6', '8f867103-766e-450f-9b51-d1efac65c82f', 'bde0eb6b-8abf-40a1-9f8e-100aa9369c21', '0112164377', 'Българско', '2022-10-03', '2026-06-09', 'задочно обучение', '2001-06-12', 'България', 'Пловдив', 'Пловдив', 'Пловдив', 'ФМИ-СИ-Б-0008'),
('8e80fcbf-718e-40d2-ab41-d149aa497463', '8f867103-766e-450f-9b51-d1efac65c82f', '171028fc-9b76-42c4-854a-6f03a4732b16', '0007257799', 'Българско', '2022-10-03', '2026-06-09', 'задочно обучение', '2000-01-16', 'България', 'Варна', 'Варна', 'Варна', 'ФМИ-СИ-Б-0009'),
('d946f184-5920-4fa9-a30f-4177725d0787', '8f867103-766e-450f-9b51-d1efac65c82f', '080da365-e3f7-4f91-8d35-32f78056e14f', '0302113248', 'Българско', '2022-10-03', '2026-06-09', 'задочно обучение', '2003-02-02', 'България', 'София-област', 'София-област', 'София', 'ФМИ-СИ-Б-0010');

INSERT INTO [Subjects] ([Id], [Name], [TeacherId], [Type], [Credits], [SpecialityId], [List]) VALUES
('bc14a33e-662b-4023-9937-05b9c796cfd4', 'Алгебра', '7e19f105-8a40-46e8-8934-a18a4c9e35e5', 'предмет с изпит', 7.0, '8f867103-766e-450f-9b51-d1efac65c82f', ''),
('c3bfc439-28a1-4760-941a-f716286077c0', 'Диференциално и интегрално смятане 1', 'c3cb9be2-e794-4418-98d7-e811084e9c7b', 'предмет с изпит', 8.5, '8f867103-766e-450f-9b51-d1efac65c82f', ''),
('714d49bb-8af1-48be-b5b1-36e44a451d94', 'Английски език', '02b73a11-58f5-4970-ab4a-6e71d724d029', 'предмет с изпит', 1.5, '8f867103-766e-450f-9b51-d1efac65c82f', ''),
('b3450a8c-84bb-4d35-b669-04bf6290c1be', 'Дискретни структури 1', '7a26e333-6463-45b9-becb-999aef3606ad', 'предмет с изпит', 7.0, '8f867103-766e-450f-9b51-d1efac65c82f', ''),
('4d33649d-267a-4df5-b0a5-7165c955e6d2', 'Увод в програмирането', 'e8802106-d9d6-4944-abed-69f4f74f17c4', 'предмет с изпит', 6.0, '8f867103-766e-450f-9b51-d1efac65c82f', ''),
('b56bb77a-19c6-4cfd-a64b-c170320fcc76', 'Диференциално и интегрално смятане 2', 'c3cb9be2-e794-4418-98d7-e811084e9c7b', 'предмет с изпит', 7.5, '8f867103-766e-450f-9b51-d1efac65c82f', ''),
('090efafa-2901-494d-b6f3-49873e839851', 'Геометрия', '7e19f105-8a40-46e8-8934-a18a4c9e35e5', 'предмет с изпит', 7.5, '8f867103-766e-450f-9b51-d1efac65c82f', ''),
('f951aabf-8975-4bb3-b18f-4b53163a56a9', 'Дискретни структури 2', '7a26e333-6463-45b9-becb-999aef3606ad', 'предмет с изпит', 6.5, '8f867103-766e-450f-9b51-d1efac65c82f', ''),
('c85788c1-4f2b-4bcb-baef-d3ff66a30182', 'Компютърен английски език', '02b73a11-58f5-4970-ab4a-6e71d724d029', 'предмет с изпит', 2.0, '8f867103-766e-450f-9b51-d1efac65c82f', ''),
('73013d3d-1007-40a4-b883-8ab4d53861ea', 'Обектно-ориентирано програмиране', 'e8802106-d9d6-4944-abed-69f4f74f17c4', 'предмет с изпит', 6.5, '8f867103-766e-450f-9b51-d1efac65c82f', ''),
('9dea1502-8e1e-42db-a99e-ab7b668bc0dd', 'Компютърни архитектури', '34ef1779-bd90-40bd-857c-2df602781625', 'предмет с изпит', 5.0, '8f867103-766e-450f-9b51-d1efac65c82f', ''),
('3f2d1153-41b9-441c-b5fe-d4ff8a26bac7', 'Комуникативни умения', '069c2f00-9329-4f52-b016-1a289d3a27f5', 'предмет с изпит', 2.0, '8f867103-766e-450f-9b51-d1efac65c82f', ''),
('7d3d572a-9449-4fe0-8c88-dd9ab8af2e88', 'Структури от данни и алгоритми', '124cefce-4dc2-40aa-a404-0a1997b06c54', 'предмет с изпит', 6.5, '8f867103-766e-450f-9b51-d1efac65c82f', ''),
('e4f901d0-a842-4292-97c1-a98762cef877', 'Увод в софтуерното инженерство', '34ef1779-bd90-40bd-857c-2df602781625', 'предмет с изпит', 6.5, '8f867103-766e-450f-9b51-d1efac65c82f', ''),
('7a057b9a-f514-449b-8354-e684e9805ff3', 'Бази от данни', '124cefce-4dc2-40aa-a404-0a1997b06c54', 'предмет с изпит', 6.0, '8f867103-766e-450f-9b51-d1efac65c82f', ''),
('63faf4a2-7714-4827-9474-dd52f3dfb264', 'Диференциални уравнения и приложения', '34ef1779-bd90-40bd-857c-2df602781625', 'предмет с изпит', 5.0, '8f867103-766e-450f-9b51-d1efac65c82f', ''),
('4786a506-603f-4676-8826-d91d4c4f8b2d', 'Икономика на софтуерното инженерство', '28d77951-4090-46cf-8155-5551cdb6aeb5', 'предмет с изпит', 3.0, '8f867103-766e-450f-9b51-d1efac65c82f', ''),
('88d9640f-8bef-4e83-acff-35115f722ca9', 'Компютърни мрежи', '34ef1779-bd90-40bd-857c-2df602781625', 'предмет с изпит', 5.0, '8f867103-766e-450f-9b51-d1efac65c82f', ''),
('a9f584df-5773-4595-aaad-2bd8c5a45531', 'Операционни системи', '34ef1779-bd90-40bd-857c-2df602781625', 'предмет с изпит', 6.0, '8f867103-766e-450f-9b51-d1efac65c82f', ''),
('8fc56026-d033-4869-9758-535901da005f', 'Софтуерни архитектури и разработка на софтуер', 'e8802106-d9d6-4944-abed-69f4f74f17c4', 'предмет с изпит', 5.0, '8f867103-766e-450f-9b51-d1efac65c82f', ''),
('be85d4a2-7a52-4f52-814f-c66ca5f8e652', 'XML технологии за семантичен web', '124cefce-4dc2-40aa-a404-0a1997b06c54', 'предмет с изпит', 6.0, '8f867103-766e-450f-9b51-d1efac65c82f', ''),
('2b0dc962-2a77-4298-8773-f146b7769261', 'Социално-правни аспекти на софтуерното инженерство', '124cefce-4dc2-40aa-a404-0a1997b06c54', 'предмет с изпит', 2.0, '8f867103-766e-450f-9b51-d1efac65c82f', ''),
('c2ed3496-5c43-41ae-b49e-58babf08f7e8', 'Статистика и емпирични методи', 'c3cb9be2-e794-4418-98d7-e811084e9c7b', 'предмет с изпит', 7.0, '8f867103-766e-450f-9b51-d1efac65c82f', ''),
('235ef032-37cf-47be-9b68-19b7a063b5d6', 'Управление на качеството', '28d77951-4090-46cf-8155-5551cdb6aeb5', 'предмет с изпит', 6.0, '8f867103-766e-450f-9b51-d1efac65c82f', ''),
('9d09ff05-b753-4902-b2a6-9947910052d0', 'Web технологии', '34ef1779-bd90-40bd-857c-2df602781625', 'предмет с изпит', 5.0, '8f867103-766e-450f-9b51-d1efac65c82f', ''),
('46408f7e-8418-48ca-853e-1b4b6cdd2122', 'Анализ на софтуерните изисквания', '069c2f00-9329-4f52-b016-1a289d3a27f5', 'предмет с изпит', 5.0, '8f867103-766e-450f-9b51-d1efac65c82f', ''),
('c84c6806-ea50-44d1-910f-65d30d1b5aa3', 'Проектиране на човеко машинен интерфейс', '28d77951-4090-46cf-8155-5551cdb6aeb5', 'предмет с изпит', 5.0, '8f867103-766e-450f-9b51-d1efac65c82f', ''),
('a427e891-e779-4157-868f-b3d4e254187b', 'Разпределени софтуерни архитектури', '34ef1779-bd90-40bd-857c-2df602781625', 'предмет с изпит', 6.0, '8f867103-766e-450f-9b51-d1efac65c82f', ''),
('fe962481-e1d2-4c20-8677-7a89d287e3e3', 'Интелигентни системи (Data Mining)', '124cefce-4dc2-40aa-a404-0a1997b06c54', 'предмет с изпит', 5.0, '8f867103-766e-450f-9b51-d1efac65c82f', ''),
('152ec3d0-71b0-4fe2-b675-9835363215df', 'Проектиране и интегриране на софтуерни системи', '34ef1779-bd90-40bd-857c-2df602781625', 'предмет с изпит', 6.0, '8f867103-766e-450f-9b51-d1efac65c82f', ''),
('34e9576a-d269-4f4c-987c-b21e7b843385', 'Управление на проекти', '28d77951-4090-46cf-8155-5551cdb6aeb5', 'предмет с изпит', 5.0, '8f867103-766e-450f-9b51-d1efac65c82f', ''),
('5a771a56-6cde-442c-b011-638ecf56e566', 'Стаж по информатика', '124cefce-4dc2-40aa-a404-0a1997b06c54', 'предмет с изпит', 5.0, '8f867103-766e-450f-9b51-d1efac65c82f', ''),
('53a93647-0973-46b1-a832-a22ebeb2cfd8', 'Стаж по математика и приложения', 'c3cb9be2-e794-4418-98d7-e811084e9c7b', 'предмет с изпит', 5.0, '8f867103-766e-450f-9b51-d1efac65c82f', ''),
('0b65dd0c-4058-4e43-baff-2b3118e9de35', 'Стаж ФМИ', '069c2f00-9329-4f52-b016-1a289d3a27f5', 'предмет с изпит', 6.0, '8f867103-766e-450f-9b51-d1efac65c82f', ''),
('a34b4860-f553-47eb-a8b2-a73971dac39e', 'Курсова работа (по избор от предложените от ФМИ)', '124cefce-4dc2-40aa-a404-0a1997b06c54', 'предмет с изпит', 5.0, '8f867103-766e-450f-9b51-d1efac65c82f', ''),
('e8a7c3a5-dd51-4695-b18f-a5bf7d44d1a4', 'Основи на Компютърните науки', '34ef1779-bd90-40bd-857c-2df602781625', 'предмет с текуща оценка', 5.0, '8f867103-766e-450f-9b51-d1efac65c82f', '1'),
('2cbab510-f60d-4989-990f-6eb048c00cbc', 'Ядро на Компютърните науки', '34ef1779-bd90-40bd-857c-2df602781625', 'предмет с текуща оценка', 5.0, '8f867103-766e-450f-9b51-d1efac65c82f', '1'),
('86476123-a52e-4752-906f-8ec8dbe42ad8', 'Практическо усвояване на компютърните науки', '34ef1779-bd90-40bd-857c-2df602781625', 'предмет с текуща оценка', 5.0, '8f867103-766e-450f-9b51-d1efac65c82f', '1'),
('7bdb27d5-7ec6-4d5e-8425-d742fc7bb722', 'Математика (МАТ)& Приложна математика (APM)', 'c3cb9be2-e794-4418-98d7-e811084e9c7b', 'предмет с текуща оценка', 5.0, '8f867103-766e-450f-9b51-d1efac65c82f', '1'),
('dc41b64d-97f6-4cb1-8b83-78be923e1a06', 'Числени методи', 'c3cb9be2-e794-4418-98d7-e811084e9c7b', 'предмет с текуща оценка', 5.0, '8f867103-766e-450f-9b51-d1efac65c82f', '1'),
('3f6669f3-dc67-48e7-be7e-c880289ab3be', 'Изследване на операциите', 'c3cb9be2-e794-4418-98d7-e811084e9c7b', 'предмет с текуща оценка', 5.0, '8f867103-766e-450f-9b51-d1efac65c82f', '1');

INSERT INTO [Semesters] ([Id], [Number], [Type], [DateOfStart], [DateOfEnd], [UniversityId]) VALUES
('1f7ebc91-9bfd-4320-bace-1c7cd07949b3', 1, 'зимен  редовно обучение', '2022-10-03 ', '2023-01-20 ', 'b8431802-f34f-494b-a60a-599e9ec87c45'),
('857be112-0c32-46cc-b5c8-54d84bc6a2e5', 2, 'летен редовно обучение', '2023-02-20 ', '2023-06-09 ', 'b8431802-f34f-494b-a60a-599e9ec87c45'),
('f92b43a2-6ae6-4f57-86e4-77a4a581d361', 3, 'зимен редовно обучение', '2023-10-03 ', '2024-01-20 ', 'b8431802-f34f-494b-a60a-599e9ec87c45'),
('18c264f7-7c49-4e77-8138-a4350533e7ee', 4, 'летен редовно обучение', '2024-02-20 ', '2024-06-09 ', 'b8431802-f34f-494b-a60a-599e9ec87c45'),
('920df287-f781-440d-aebc-e05e1c7217fe', 5, 'зимен редовно обучение', '2024-10-03 ', '2025-01-20 ', 'b8431802-f34f-494b-a60a-599e9ec87c45'),
('fd5b48c9-229b-47fc-9e6d-3359c00d97ba', 6, 'летен редовно обучение', '2025-02-20 ', '2025-06-09 ', 'b8431802-f34f-494b-a60a-599e9ec87c45'),
('55779de2-bece-4e2a-bc63-fc53655e9477', 7, 'зимен редовно обучение', '2025-10-03 ', '2026-01-20 ', 'b8431802-f34f-494b-a60a-599e9ec87c45'),
('dc3c7300-2fb7-4ae4-8ed1-cd87dbb60958', 8, 'летен редовно обучение', '2026-02-20 ', '2026-06-09 ', 'b8431802-f34f-494b-a60a-599e9ec87c45'),
('eb7045f0-9e3e-41be-911c-c04abdec0e30', 1, 'зимен задочно обучение', '2022-09-05 ', '2022-09-30 ', 'b8431802-f34f-494b-a60a-599e9ec87c45'),
('cdfaef3f-bb30-42df-8bfe-523f9ce948fe', 2, 'летен задочно обучение', '2023-01-23 ', '2023-02-17 ', 'b8431802-f34f-494b-a60a-599e9ec87c45'),
('85ed526c-fa20-4f97-b86e-10c8eb748de7', 3, 'зимен задочно обучение', '2023-09-05 ', '2023-09-30 ', 'b8431802-f34f-494b-a60a-599e9ec87c45'),
('0da43b9e-7262-4d6c-9e44-ebf593a6e57b', 4, 'летен задочно обучение', '2024-01-23 ', '2024-02-17 ', 'b8431802-f34f-494b-a60a-599e9ec87c45'),
('35637029-2644-4579-b8e1-d9407154e35d', 5, 'зимен задочно обучение', '2024-09-05 ', '2024-09-30 ', 'b8431802-f34f-494b-a60a-599e9ec87c45'),
('5b8655dd-1c62-4fd6-a7db-6b7430fd8d2b', 6, 'летен задочно обучение', '2025-01-23 ', '2025-02-17 ', 'b8431802-f34f-494b-a60a-599e9ec87c45'),
('594652bc-d6be-43b3-9db4-650545d872e8', 7, 'зимен задочно обучение', '2025-09-05 ', '2025-09-30 ', 'b8431802-f34f-494b-a60a-599e9ec87c45'),
('fca7e1c2-fc69-4d6a-8510-ef24afa4a1f0', 8, 'летен задочно обучение', '2026-01-23 ', '2026-02-17 ', 'b8431802-f34f-494b-a60a-599e9ec87c45');

INSERT INTO [SubjectSemester] ([SubjectId], [SemesterId]) VALUES
('bc14a33e-662b-4023-9937-05b9c796cfd4', '1f7ebc91-9bfd-4320-bace-1c7cd07949b3'),
('c3bfc439-28a1-4760-941a-f716286077c0', '1f7ebc91-9bfd-4320-bace-1c7cd07949b3'),
('714d49bb-8af1-48be-b5b1-36e44a451d94', '1f7ebc91-9bfd-4320-bace-1c7cd07949b3'),
('b3450a8c-84bb-4d35-b669-04bf6290c1be', '1f7ebc91-9bfd-4320-bace-1c7cd07949b3'),
('4d33649d-267a-4df5-b0a5-7165c955e6d2', '1f7ebc91-9bfd-4320-bace-1c7cd07949b3'),
('b56bb77a-19c6-4cfd-a64b-c170320fcc76', '857be112-0c32-46cc-b5c8-54d84bc6a2e5'),
('090efafa-2901-494d-b6f3-49873e839851', '857be112-0c32-46cc-b5c8-54d84bc6a2e5'),
('f951aabf-8975-4bb3-b18f-4b53163a56a9', '857be112-0c32-46cc-b5c8-54d84bc6a2e5'),
('c85788c1-4f2b-4bcb-baef-d3ff66a30182', '857be112-0c32-46cc-b5c8-54d84bc6a2e5'),
('73013d3d-1007-40a4-b883-8ab4d53861ea', '857be112-0c32-46cc-b5c8-54d84bc6a2e5'),
('9dea1502-8e1e-42db-a99e-ab7b668bc0dd', 'f92b43a2-6ae6-4f57-86e4-77a4a581d361'),
('3f2d1153-41b9-441c-b5fe-d4ff8a26bac7', 'f92b43a2-6ae6-4f57-86e4-77a4a581d361'),
('7d3d572a-9449-4fe0-8c88-dd9ab8af2e88', 'f92b43a2-6ae6-4f57-86e4-77a4a581d361'),
('e4f901d0-a842-4292-97c1-a98762cef877', 'f92b43a2-6ae6-4f57-86e4-77a4a581d361'),
('7a057b9a-f514-449b-8354-e684e9805ff3', '18c264f7-7c49-4e77-8138-a4350533e7ee'),
('63faf4a2-7714-4827-9474-dd52f3dfb264', '18c264f7-7c49-4e77-8138-a4350533e7ee'),
('4786a506-603f-4676-8826-d91d4c4f8b2d', '18c264f7-7c49-4e77-8138-a4350533e7ee'),
('88d9640f-8bef-4e83-acff-35115f722ca9', '18c264f7-7c49-4e77-8138-a4350533e7ee'),
('a9f584df-5773-4595-aaad-2bd8c5a45531', '18c264f7-7c49-4e77-8138-a4350533e7ee'),
('8fc56026-d033-4869-9758-535901da005f', '18c264f7-7c49-4e77-8138-a4350533e7ee'),
('be85d4a2-7a52-4f52-814f-c66ca5f8e652', '920df287-f781-440d-aebc-e05e1c7217fe'),
('2b0dc962-2a77-4298-8773-f146b7769261', '920df287-f781-440d-aebc-e05e1c7217fe'),
('c2ed3496-5c43-41ae-b49e-58babf08f7e8', '920df287-f781-440d-aebc-e05e1c7217fe'),
('235ef032-37cf-47be-9b68-19b7a063b5d6', '920df287-f781-440d-aebc-e05e1c7217fe'),
('9d09ff05-b753-4902-b2a6-9947910052d0', 'fd5b48c9-229b-47fc-9e6d-3359c00d97ba'),
('46408f7e-8418-48ca-853e-1b4b6cdd2122', 'fd5b48c9-229b-47fc-9e6d-3359c00d97ba'),
('c84c6806-ea50-44d1-910f-65d30d1b5aa3', 'fd5b48c9-229b-47fc-9e6d-3359c00d97ba'),
('a427e891-e779-4157-868f-b3d4e254187b', 'fd5b48c9-229b-47fc-9e6d-3359c00d97ba'),
('fe962481-e1d2-4c20-8677-7a89d287e3e3', '55779de2-bece-4e2a-bc63-fc53655e9477'),
('152ec3d0-71b0-4fe2-b675-9835363215df', '55779de2-bece-4e2a-bc63-fc53655e9477'),
('34e9576a-d269-4f4c-987c-b21e7b843385', '55779de2-bece-4e2a-bc63-fc53655e9477'),
('5a771a56-6cde-442c-b011-638ecf56e566', 'dc3c7300-2fb7-4ae4-8ed1-cd87dbb60958'),
('53a93647-0973-46b1-a832-a22ebeb2cfd8', 'dc3c7300-2fb7-4ae4-8ed1-cd87dbb60958'),
('0b65dd0c-4058-4e43-baff-2b3118e9de35', 'dc3c7300-2fb7-4ae4-8ed1-cd87dbb60958'),
('a34b4860-f553-47eb-a8b2-a73971dac39e', 'dc3c7300-2fb7-4ae4-8ed1-cd87dbb60958'),
('bc14a33e-662b-4023-9937-05b9c796cfd4', 'eb7045f0-9e3e-41be-911c-c04abdec0e30'),
('c3bfc439-28a1-4760-941a-f716286077c0', 'eb7045f0-9e3e-41be-911c-c04abdec0e30'),
('714d49bb-8af1-48be-b5b1-36e44a451d94', 'eb7045f0-9e3e-41be-911c-c04abdec0e30'),
('b3450a8c-84bb-4d35-b669-04bf6290c1be', 'eb7045f0-9e3e-41be-911c-c04abdec0e30'),
('4d33649d-267a-4df5-b0a5-7165c955e6d2', 'eb7045f0-9e3e-41be-911c-c04abdec0e30'),
('b56bb77a-19c6-4cfd-a64b-c170320fcc76', 'cdfaef3f-bb30-42df-8bfe-523f9ce948fe'),
('090efafa-2901-494d-b6f3-49873e839851', 'cdfaef3f-bb30-42df-8bfe-523f9ce948fe'),
('f951aabf-8975-4bb3-b18f-4b53163a56a9', 'cdfaef3f-bb30-42df-8bfe-523f9ce948fe'),
('c85788c1-4f2b-4bcb-baef-d3ff66a30182', 'cdfaef3f-bb30-42df-8bfe-523f9ce948fe'),
('73013d3d-1007-40a4-b883-8ab4d53861ea', 'cdfaef3f-bb30-42df-8bfe-523f9ce948fe'),
('9dea1502-8e1e-42db-a99e-ab7b668bc0dd', '85ed526c-fa20-4f97-b86e-10c8eb748de7'),
('3f2d1153-41b9-441c-b5fe-d4ff8a26bac7', '85ed526c-fa20-4f97-b86e-10c8eb748de7'),
('7d3d572a-9449-4fe0-8c88-dd9ab8af2e88', '85ed526c-fa20-4f97-b86e-10c8eb748de7'),
('e4f901d0-a842-4292-97c1-a98762cef877', '85ed526c-fa20-4f97-b86e-10c8eb748de7'),
('7a057b9a-f514-449b-8354-e684e9805ff3', '0da43b9e-7262-4d6c-9e44-ebf593a6e57b'),
('63faf4a2-7714-4827-9474-dd52f3dfb264', '0da43b9e-7262-4d6c-9e44-ebf593a6e57b'),
('4786a506-603f-4676-8826-d91d4c4f8b2d', '0da43b9e-7262-4d6c-9e44-ebf593a6e57b'),
('88d9640f-8bef-4e83-acff-35115f722ca9', '0da43b9e-7262-4d6c-9e44-ebf593a6e57b'),
('a9f584df-5773-4595-aaad-2bd8c5a45531', '0da43b9e-7262-4d6c-9e44-ebf593a6e57b'),
('8fc56026-d033-4869-9758-535901da005f', '0da43b9e-7262-4d6c-9e44-ebf593a6e57b'),
('be85d4a2-7a52-4f52-814f-c66ca5f8e652', '35637029-2644-4579-b8e1-d9407154e35d'),
('2b0dc962-2a77-4298-8773-f146b7769261', '35637029-2644-4579-b8e1-d9407154e35d'),
('c2ed3496-5c43-41ae-b49e-58babf08f7e8', '35637029-2644-4579-b8e1-d9407154e35d'),
('235ef032-37cf-47be-9b68-19b7a063b5d6', '35637029-2644-4579-b8e1-d9407154e35d'),
('9d09ff05-b753-4902-b2a6-9947910052d0', '5b8655dd-1c62-4fd6-a7db-6b7430fd8d2b'),
('46408f7e-8418-48ca-853e-1b4b6cdd2122', '5b8655dd-1c62-4fd6-a7db-6b7430fd8d2b'),
('c84c6806-ea50-44d1-910f-65d30d1b5aa3', '5b8655dd-1c62-4fd6-a7db-6b7430fd8d2b'),
('a427e891-e779-4157-868f-b3d4e254187b', '5b8655dd-1c62-4fd6-a7db-6b7430fd8d2b'),
('fe962481-e1d2-4c20-8677-7a89d287e3e3', '594652bc-d6be-43b3-9db4-650545d872e8'),
('152ec3d0-71b0-4fe2-b675-9835363215df', '594652bc-d6be-43b3-9db4-650545d872e8'),
('34e9576a-d269-4f4c-987c-b21e7b843385', '594652bc-d6be-43b3-9db4-650545d872e8'),
('5a771a56-6cde-442c-b011-638ecf56e566', 'fca7e1c2-fc69-4d6a-8510-ef24afa4a1f0'),
('53a93647-0973-46b1-a832-a22ebeb2cfd8', 'fca7e1c2-fc69-4d6a-8510-ef24afa4a1f0'),
('0b65dd0c-4058-4e43-baff-2b3118e9de35', 'fca7e1c2-fc69-4d6a-8510-ef24afa4a1f0'),
('a34b4860-f553-47eb-a8b2-a73971dac39e', 'fca7e1c2-fc69-4d6a-8510-ef24afa4a1f0');

INSERT INTO [StudentCourse] ([StudentId], [SemesterId], [Course]) VALUES
('49618644-130e-4b39-9d2d-db9457f9206c', '1f7ebc91-9bfd-4320-bace-1c7cd07949b3', '1'),
('e0315fac-deaa-42f9-a6d8-c54dcd8caba8', '1f7ebc91-9bfd-4320-bace-1c7cd07949b3', '1'),
('ac45a6a6-2d0b-4bd7-9917-e1d7fbbb2d73', '1f7ebc91-9bfd-4320-bace-1c7cd07949b3', '1'),
('d064aa20-7fef-4f57-9dba-dab523656a61', '1f7ebc91-9bfd-4320-bace-1c7cd07949b3', '1'),
('97e6eb08-d79b-49ad-b2a0-0270070c6230', '1f7ebc91-9bfd-4320-bace-1c7cd07949b3', '1'),
('44dbb376-11a7-4d4d-8369-94b20a9d057d', '1f7ebc91-9bfd-4320-bace-1c7cd07949b3', '1'),
('e2189cc2-48b7-4386-9ed7-04512bcb5253', '1f7ebc91-9bfd-4320-bace-1c7cd07949b3', '1'),
('d7943c65-b8ec-4376-b3bd-70a67a6609f6', 'eb7045f0-9e3e-41be-911c-c04abdec0e30', '1'),
('8e80fcbf-718e-40d2-ab41-d149aa497463', 'eb7045f0-9e3e-41be-911c-c04abdec0e30', '1'),
('d946f184-5920-4fa9-a30f-4177725d0787', 'eb7045f0-9e3e-41be-911c-c04abdec0e30', '1');

INSERT INTO [ExamSessions] ([Id], [DateOfStart], [DateOfEnd], [Type]) VALUES
('9e20c865-2375-487f-9a42-48879e6f8241', '2023-01-23', '2023-02-17', 'редовна сесия'),
('2d8f782b-7dae-49d5-8640-4cabb7deb821', '2023-08-21', '2023-09-03', 'поправителна сесия'),
('4254ed45-a6de-4e53-9193-5bc722ee01d6', '2023-06-12', '2023-07-07', 'редовна сесия'),
('0ce3466e-ae78-4dea-95cf-422037a675fe', '2023-08-21', '2023-09-03', 'поправителна сесия'),
('4963045b-8880-4e94-a1e5-fdfa9eab3737', '2024-01-23', '2024-02-17', 'редовна сесия'),
('4cd40235-3fad-457b-a7e1-35550834eea0', '2024-08-21', '2024-09-03', 'поправителна сесия'),
('d1941277-f8c4-44fa-9482-1dd477dab7d3', '2024-06-12', '2024-07-07', 'редовна сесия'),
('b8786f73-00de-4da3-aa28-e0b2e23b2292', '2024-08-21', '2024-09-03', 'поправителна сесия'),
('d8763116-bd08-422a-bd3d-7f5e681066db', '2025-01-23', '2025-02-17', 'редовна сесия'),
('201641de-7a3c-4f27-a28f-bc5ebd81a9f0', '2025-08-21', '2025-09-03', 'поправителна сесия'),
('2b92356f-cf03-4865-9fc3-c84968644420', '2025-06-12', '2025-07-07', 'редовна сесия'),
('f86261c1-2b8a-4382-aae9-e5f63d68d757', '2025-08-21', '2025-09-03', 'поправителна сесия'),
('30d6f7f9-4eef-407f-b0fc-08b697932a3b', '2026-01-23', '2026-02-17', 'редовна сесия'),
('8014b692-8b8b-4fab-b3ba-ce170512b884', '2026-08-21', '2026-09-03', 'поправителна сесия'),
('05582372-faaf-40e1-9c7c-f5c2f29f2539', '2026-06-12', '2026-07-07', 'редовна сесия'),
('5100fc09-b8eb-4bcb-8005-62e425c7dfd8', '2026-08-21', '2026-09-03', 'поправителна сесия'),
('1de5f4ef-8dda-4753-bba0-3c650cbc7f3b', '2022-11-07', '2022-12-02', 'редовна сесия'),
('f3f1dcd9-21fc-4a81-a13f-bd2674b8fac2', '2023-08-21', '2023-09-03', 'поправителна сесия'),
('9db00b3a-8085-4466-8e36-cdb3b22d5be3', '2023-03-20', '2023-04-07', 'редовна сесия'),
('de0b44b6-ea61-4834-8288-a4a2b17b9236', '2023-08-21', '2023-09-03', 'поправителна сесия'),
('78390c6b-88d2-4d39-a583-5b500e678fa4', '2023-11-07', '2023-12-02', 'редовна сесия'),
('8ebf95b1-e879-4452-a3b3-8eb02316650b', '2024-08-21', '2024-09-03', 'поправителна сесия'),
('8580bff8-51d1-405f-8f44-16200d685558', '2024-03-20', '2024-04-07', 'редовна сесия'),
('8581a827-ec60-4802-b033-bf9d90d5b834', '2024-08-21', '2024-09-03', 'поправителна сесия'),
('2ee666ae-fc1d-4647-891f-baec367e0a41', '2024-11-07', '2024-12-02', 'редовна сесия'),
('f1d1feeb-9c67-4424-83a9-fb5c4aaeda19', '2025-08-21', '2025-09-03', 'поправителна сесия'),
('9a74e4a0-045b-4d8a-941e-ec450b515c61', '2025-03-20', '2025-04-07', 'редовна сесия'),
('24a2e503-ef67-4fa1-8dda-4a77bda87a83', '2025-08-21', '2025-09-03', 'поправителна сесия'),
('bda5d21d-99cd-4d53-896f-772b39c0380d', '2025-11-07', '2025-12-02', 'редовна сесия'),
('6dc54f91-fb4a-430b-beb0-b8ec124146d4', '2026-08-21', '2026-09-03', 'поправителна сесия'),
('03ac3a16-64b1-4e6b-a46e-f6fc91747c45', '2026-03-20', '2026-04-07', 'редовна сесия'),
('e84f1d20-007a-4334-857b-f6ccccc9de7b', '2026-08-21', '2026-09-03', 'поправителна сесия');

INSERT INTO [Exams] ([Id], [ProctorId], [SubjectId], [ExamSessionId], [TimeOfStart], [TimeOfEnd], [Location]) VALUES
('22702db5-a66b-44cb-9c5c-21900f31c1cb', '7e19f105-8a40-46e8-8934-a18a4c9e35e5', 'bc14a33e-662b-4023-9937-05b9c796cfd4', '9e20c865-2375-487f-9a42-48879e6f8241', '2023-02-09 09:00:00', '2023-02-09 12:00:00', '300'),
('3f9be47d-d76d-42da-a502-4b0c68a06736', 'c3cb9be2-e794-4418-98d7-e811084e9c7b', 'c3bfc439-28a1-4760-941a-f716286077c0', '9e20c865-2375-487f-9a42-48879e6f8241', '2023-02-05 10:00:00', '2023-02-05 13:00:00', '301'),
('3a312752-0e91-4613-966a-1ca4859c6649', '02b73a11-58f5-4970-ab4a-6e71d724d029', '714d49bb-8af1-48be-b5b1-36e44a451d94', '9e20c865-2375-487f-9a42-48879e6f8241', '2023-01-29 10:30:00', '2023-01-29 13:30:00', '302'),
('96f4154d-34f7-4153-b6d0-2f721add37e3', '7a26e333-6463-45b9-becb-999aef3606ad', 'b3450a8c-84bb-4d35-b669-04bf6290c1be', '9e20c865-2375-487f-9a42-48879e6f8241', '2023-02-06 08:00:00', '2023-02-06 11:00:00', '304'),
('ade1ad3d-3bf1-4ce1-9814-dcb55175d136', 'e8802106-d9d6-4944-abed-69f4f74f17c4', '4d33649d-267a-4df5-b0a5-7165c955e6d2', '9e20c865-2375-487f-9a42-48879e6f8241', '2023-02-03 09:00:00', '2023-02-03 12:00:00', '303'),
('87a75b2c-5be5-4b71-b997-1af90fa4dfd1', 'c3cb9be2-e794-4418-98d7-e811084e9c7b', 'b56bb77a-19c6-4cfd-a64b-c170320fcc76', '4254ed45-a6de-4e53-9193-5bc722ee01d6', '2023-07-02 13:00:00', '2023-07-02 16:00:00', '304'),
('71f59788-b806-4144-9ac6-2eaed12e7a13', '7e19f105-8a40-46e8-8934-a18a4c9e35e5', '090efafa-2901-494d-b6f3-49873e839851', '4254ed45-a6de-4e53-9193-5bc722ee01d6', '2023-07-20 12:00:00', '2023-07-20 15:00:00', '305'),
('3475d9da-7d6c-4353-a9ef-c7f342286c7e', '7a26e333-6463-45b9-becb-999aef3606ad', 'f951aabf-8975-4bb3-b18f-4b53163a56a9', '4254ed45-a6de-4e53-9193-5bc722ee01d6', '2023-06-15 09:30:00', '2023-06-15 12:30:00', '306'),
('fa57b08e-c512-4d4f-b63c-3dec763fa984', '02b73a11-58f5-4970-ab4a-6e71d724d029', 'c85788c1-4f2b-4bcb-baef-d3ff66a30182', '4254ed45-a6de-4e53-9193-5bc722ee01d6', '2023-06-20 10:00:00', '2023-06-20 13:00:00', '307'),
('1278b858-f4e1-4a5f-93ca-11f1882d6ff5', 'e8802106-d9d6-4944-abed-69f4f74f17c4', '73013d3d-1007-40a4-b883-8ab4d53861ea', '4254ed45-a6de-4e53-9193-5bc722ee01d6', '2023-06-15 08:30:00', '2023-06-15 11:30:00', '308'),
('00d1a56e-41b5-4480-a663-4fe4cd39a2cc', '34ef1779-bd90-40bd-857c-2df602781625', '9dea1502-8e1e-42db-a99e-ab7b668bc0dd', '4963045b-8880-4e94-a1e5-fdfa9eab3737', '2024-02-04 11:00:00', '2024-02-04 14:00:00', '309'),
('3883f65c-8807-410f-93d1-7b9dff8ed626', '069c2f00-9329-4f52-b016-1a289d3a27f5', '3f2d1153-41b9-441c-b5fe-d4ff8a26bac7', '4963045b-8880-4e94-a1e5-fdfa9eab3737', '2024-02-10 12:30:00', '2024-02-10 15:30:00', '310'),
('797c0e52-011f-4c07-ad86-11dec8b07234', '124cefce-4dc2-40aa-a404-0a1997b06c54', '7d3d572a-9449-4fe0-8c88-dd9ab8af2e88', '4963045b-8880-4e94-a1e5-fdfa9eab3737', '2024-02-06 09:00:00', '2024-02-06 12:00:00', '311'),
('9b8ca73a-886b-4912-bd63-4df0a75bb7bd', '34ef1779-bd90-40bd-857c-2df602781625', 'e4f901d0-a842-4292-97c1-a98762cef877', '4963045b-8880-4e94-a1e5-fdfa9eab3737', '2024-02-01 10:45:00', '2024-02-01 13:45:00', '312'),
('49b617c9-4ed4-4efc-bfef-28264a16aa54', '124cefce-4dc2-40aa-a404-0a1997b06c54', '7a057b9a-f514-449b-8354-e684e9805ff3', 'd1941277-f8c4-44fa-9482-1dd477dab7d3', '2024-07-04 08:00:00', '2024-07-04 11:00:00', '313'),
('63c3cdf1-e323-46a0-8dae-d4e566b8afa7', '34ef1779-bd90-40bd-857c-2df602781625', '63faf4a2-7714-4827-9474-dd52f3dfb264', 'd1941277-f8c4-44fa-9482-1dd477dab7d3', '2024-06-25 13:00:00', '2024-06-25 16:00:00', '314'),
('eee98474-543f-43e7-b0fe-f25d8536529f', '28d77951-4090-46cf-8155-5551cdb6aeb5', '4786a506-603f-4676-8826-d91d4c4f8b2d', 'd1941277-f8c4-44fa-9482-1dd477dab7d3', '2024-06-15 12:00:00', '2024-06-15 15:00:00', '315'),
('e591238a-2f68-4983-9ba1-607c3560f04d', '34ef1779-bd90-40bd-857c-2df602781625', '88d9640f-8bef-4e83-acff-35115f722ca9', 'd1941277-f8c4-44fa-9482-1dd477dab7d3', '2024-06-18 10:00:00', '2024-06-18 13:00:00', '316'),
('287d6f70-cd32-4533-97ff-d243ad099014', '34ef1779-bd90-40bd-857c-2df602781625', 'a9f584df-5773-4595-aaad-2bd8c5a45531', 'd1941277-f8c4-44fa-9482-1dd477dab7d3', '2024-06-13 09:00:00', '2024-06-13 12:00:00', '317'),
('31aa5417-eaee-432a-8b3a-d36f13630562', 'e8802106-d9d6-4944-abed-69f4f74f17c4', '8fc56026-d033-4869-9758-535901da005f', 'd1941277-f8c4-44fa-9482-1dd477dab7d3', '2024-06-25 14:00:00', '2024-06-25 17:00:00', '318'),
('bec03f64-95f9-4989-8d23-09e20a768cf2', '124cefce-4dc2-40aa-a404-0a1997b06c54', 'be85d4a2-7a52-4f52-814f-c66ca5f8e652', 'd8763116-bd08-422a-bd3d-7f5e681066db', '2025-02-06 10:30:00', '2025-02-06 13:30:00', '319'),
('a9dcf639-2db1-4521-96bb-17217aed42cd', '124cefce-4dc2-40aa-a404-0a1997b06c54', '2b0dc962-2a77-4298-8773-f146b7769261', 'd8763116-bd08-422a-bd3d-7f5e681066db', '2025-01-27 09:00:00', '2025-01-27 12:00:00', '320'),
('e005e175-cc33-4c80-9d1e-1f4f15e98383', 'c3cb9be2-e794-4418-98d7-e811084e9c7b', 'c2ed3496-5c43-41ae-b49e-58babf08f7e8', 'd8763116-bd08-422a-bd3d-7f5e681066db', '2025-01-30 10:00:00', '2025-01-30 13:00:00', '321'),
('eb798967-dba7-4674-9cf2-2cf685c0b15b', '28d77951-4090-46cf-8155-5551cdb6aeb5', '235ef032-37cf-47be-9b68-19b7a063b5d6', 'd8763116-bd08-422a-bd3d-7f5e681066db', '2025-01-25 09:00:00', '2025-01-25 12:00:00', '322');

INSERT INTO [Grades] ([StudentId], [ExamId], [Grade]) VALUES
('49618644-130e-4b39-9d2d-db9457f9206c', '22702db5-a66b-44cb-9c5c-21900f31c1cb', 3),
('e0315fac-deaa-42f9-a6d8-c54dcd8caba8', '22702db5-a66b-44cb-9c5c-21900f31c1cb', 3),
('ac45a6a6-2d0b-4bd7-9917-e1d7fbbb2d73', '22702db5-a66b-44cb-9c5c-21900f31c1cb', 5),
('d064aa20-7fef-4f57-9dba-dab523656a61', '22702db5-a66b-44cb-9c5c-21900f31c1cb', 3),
('97e6eb08-d79b-49ad-b2a0-0270070c6230', '22702db5-a66b-44cb-9c5c-21900f31c1cb', 6),
('44dbb376-11a7-4d4d-8369-94b20a9d057d', '22702db5-a66b-44cb-9c5c-21900f31c1cb', 3),
('e2189cc2-48b7-4386-9ed7-04512bcb5253', '22702db5-a66b-44cb-9c5c-21900f31c1cb', 5),
('d7943c65-b8ec-4376-b3bd-70a67a6609f6', '22702db5-a66b-44cb-9c5c-21900f31c1cb', 2),
('8e80fcbf-718e-40d2-ab41-d149aa497463', '22702db5-a66b-44cb-9c5c-21900f31c1cb', 3),
('d946f184-5920-4fa9-a30f-4177725d0787', '22702db5-a66b-44cb-9c5c-21900f31c1cb', 5),
('49618644-130e-4b39-9d2d-db9457f9206c', '3f9be47d-d76d-42da-a502-4b0c68a06736', 5),
('e0315fac-deaa-42f9-a6d8-c54dcd8caba8', '3f9be47d-d76d-42da-a502-4b0c68a06736', 5),
('ac45a6a6-2d0b-4bd7-9917-e1d7fbbb2d73', '3f9be47d-d76d-42da-a502-4b0c68a06736', 5),
('d064aa20-7fef-4f57-9dba-dab523656a61', '3f9be47d-d76d-42da-a502-4b0c68a06736', 6),
('97e6eb08-d79b-49ad-b2a0-0270070c6230', '3f9be47d-d76d-42da-a502-4b0c68a06736', 5),
('44dbb376-11a7-4d4d-8369-94b20a9d057d', '3f9be47d-d76d-42da-a502-4b0c68a06736', 6),
('e2189cc2-48b7-4386-9ed7-04512bcb5253', '3f9be47d-d76d-42da-a502-4b0c68a06736', 2),
('d7943c65-b8ec-4376-b3bd-70a67a6609f6', '3f9be47d-d76d-42da-a502-4b0c68a06736', 4),
('8e80fcbf-718e-40d2-ab41-d149aa497463', '3f9be47d-d76d-42da-a502-4b0c68a06736', 3),
('d946f184-5920-4fa9-a30f-4177725d0787', '3f9be47d-d76d-42da-a502-4b0c68a06736', 3);

INSERT INTO [Components] ([Id], [Type], [DateOfStart], [Duration], [Location]) VALUES
('766c1146-c041-405b-8ac4-6d7292c4f564', 'Упражнение', '2022-10-21', '03:00:00', '219'),
('7cefd498-172f-4f7c-903e-1952e1b29400', 'Упражнение', '2023-01-05', '02:00:00', '215'),
('a0ea718b-e220-4e0d-9c86-c2edf7a5f15e', 'Упражнение', '2022-12-22', '05:00:00', '112'),
('c84b35a3-e969-49a0-b6a9-afd490e72ad8', 'Упражнение', '2022-12-23', '06:00:00', '110'),
('8813c7e3-3e04-43dc-9235-e3a39df9bd44', 'Лекция', '2022-10-11', '07:00:00', '120'),
('ce1c4588-9b16-4626-bb06-56b3b743a14f', 'Лекция', '2022-10-20', '04:00:00', '110'),
('5f29d832-1333-4cde-829d-e909097bd810', 'Лекция', '2022-11-03', '07:00:00', '110'),
('30c82999-0c0c-43b8-8d37-712e35d029d7', 'Лекция', '2022-10-25', '05:00:00', '120'),
('40e43a0f-b9ed-40fd-aaef-63c7ef09ec36', 'Лекция', '2022-12-06', '06:00:00', '110');

INSERT INTO [SubjectComponents] ([InstructorId], [ComponentId], [SubjectId]) VALUES
('7e19f105-8a40-46e8-8934-a18a4c9e35e5', '766c1146-c041-405b-8ac4-6d7292c4f564', 'bc14a33e-662b-4023-9937-05b9c796cfd4'),
('c3cb9be2-e794-4418-98d7-e811084e9c7b', '7cefd498-172f-4f7c-903e-1952e1b29400', 'c3bfc439-28a1-4760-941a-f716286077c0'),
('02b73a11-58f5-4970-ab4a-6e71d724d029', 'a0ea718b-e220-4e0d-9c86-c2edf7a5f15e', '714d49bb-8af1-48be-b5b1-36e44a451d94'),
('7a26e333-6463-45b9-becb-999aef3606ad', 'c84b35a3-e969-49a0-b6a9-afd490e72ad8', 'b3450a8c-84bb-4d35-b669-04bf6290c1be'),
('e8802106-d9d6-4944-abed-69f4f74f17c4', '8813c7e3-3e04-43dc-9235-e3a39df9bd44', '4d33649d-267a-4df5-b0a5-7165c955e6d2'),
('c3cb9be2-e794-4418-98d7-e811084e9c7b', 'ce1c4588-9b16-4626-bb06-56b3b743a14f', 'b56bb77a-19c6-4cfd-a64b-c170320fcc76'),
('7e19f105-8a40-46e8-8934-a18a4c9e35e5', '5f29d832-1333-4cde-829d-e909097bd810', '090efafa-2901-494d-b6f3-49873e839851'),
('7a26e333-6463-45b9-becb-999aef3606ad', '30c82999-0c0c-43b8-8d37-712e35d029d7', 'f951aabf-8975-4bb3-b18f-4b53163a56a9'),
('02b73a11-58f5-4970-ab4a-6e71d724d029', '40e43a0f-b9ed-40fd-aaef-63c7ef09ec36', 'c85788c1-4f2b-4bcb-baef-d3ff66a30182');

INSERT INTO [Holidais] ([Name], [DateOfStart], [DateOfEnd]) VALUES
('Патронен празник', '2022-11-25', '2022-11-25'),
('Студентски празник', '2022-12-08', '2022-12-08'),
('Коледни и новогодишни празници', '2022-12-24', '2023-01-02'),
('Официален празник', '2023-03-03', '2023-03-03'),
('Великденски празници', '2023-04-13', '2023-04-18'),
('Официален празник', '2023-05-01', '2023-05-01'),
('Официален празник', '2023-05-06', '2023-05-06'),
('Официален празник', '2023-05-24', '2023-05-24');